2025-11-19 07:41:00,157 [Worker-7: Loading available Gradle versions] INFO  o.e.b.c.i.u.g.PublishedGradleVersions - Gradle version information cache is not available. Remote download required.
2025-11-19 07:44:38,946 [Worker-11: Building] INFO  o.e.m.c.i.l.LifecycleMappingFactory - Using org.eclipse.m2e.jdt.JarLifecycleMapping lifecycle mapping for MavenProject: com.BucketStudy:Bucket-Study:0.0.1-SNAPSHOT @ D:\BucketStudy\bucketstudy-backend\Bucket-Study\pom.xml.
2025-11-19 07:44:49,145 [Worker-11: Building] INFO  o.a.m.s.f.DefaultMavenResourcesFiltering - Copying 1 resource from src\main\resources to target\classes
2025-11-19 07:44:49,170 [Worker-11: Building] INFO  o.a.m.s.f.DefaultMavenResourcesFiltering - Copying 1 resource from src\main\resources to target\classes
2025-11-19 07:44:49,178 [Worker-11: Building] INFO  o.a.m.s.f.DefaultMavenResourcesFiltering - Copying 0 resource from src\test\resources to target\test-classes
2025-11-19 07:44:49,951 [Worker-17: Updating Maven Dependencies] INFO  o.e.m.c.i.l.LifecycleMappingFactory - Using org.eclipse.m2e.jdt.JarLifecycleMapping lifecycle mapping for MavenProject: com.BucketStudy:Bucket-Study:0.0.1-SNAPSHOT @ D:\BucketStudy\bucketstudy-backend\Bucket-Study\pom.xml.
2025-11-19 07:44:50,072 [Worker-5: Building] INFO  o.a.m.s.f.DefaultMavenResourcesFiltering - Copying 1 resource from src\main\resources to target\classes
2025-11-19 07:44:50,087 [Worker-5: Building] INFO  o.a.m.s.f.DefaultMavenResourcesFiltering - Copying 1 resource from src\main\resources to target\classes
2025-11-19 07:44:50,096 [Worker-5: Building] INFO  o.a.m.s.f.DefaultMavenResourcesFiltering - Copying 0 resource from src\test\resources to target\test-classes
2025-11-19 07:50:04,253 [Worker-19: Update Maven projects configuration] INFO  o.e.m.c.i.p.ProjectConfigurationManager - Update started
2025-11-19 07:50:06,813 [Worker-19: Update Maven projects configuration] INFO  o.e.m.c.i.l.LifecycleMappingFactory - Using org.eclipse.m2e.jdt.JarLifecycleMapping lifecycle mapping for MavenProject: com.example:CareerPT:0.0.1-SNAPSHOT @ D:\Career Portal\Backend\CareerPT\pom.xml.
2025-11-19 07:50:07,612 [Worker-19: Update Maven projects configuration] INFO  o.e.m.c.i.e.AbstractTransferListenerAdapter - Downloading https://repo.maven.apache.org/maven2/org/springframework/boot/spring-boot-starter-data-jpa/3.5.7/spring-boot-starter-data-jpa-3.5.7.pom
2025-11-19 07:50:07,680 [Worker-19: Update Maven projects configuration] INFO  o.e.m.c.i.e.AbstractTransferListenerAdapter - Downloaded https://repo.maven.apache.org/maven2/org/springframework/boot/spring-boot-starter-data-jpa/3.5.7/spring-boot-starter-data-jpa-3.5.7.pom
2025-11-19 07:50:08,325 [Worker-19: Update Maven projects configuration] INFO  o.e.m.c.i.e.AbstractTransferListenerAdapter - Downloading https://repo.maven.apache.org/maven2/org/springframework/boot/spring-boot-starter-jdbc/3.5.7/spring-boot-starter-jdbc-3.5.7.pom
2025-11-19 07:50:08,366 [Worker-19: Update Maven projects configuration] INFO  o.e.m.c.i.e.AbstractTransferListenerAdapter - Downloaded https://repo.maven.apache.org/maven2/org/springframework/boot/spring-boot-starter-jdbc/3.5.7/spring-boot-starter-jdbc-3.5.7.pom
2025-11-19 07:50:08,408 [Worker-19: Update Maven projects configuration] INFO  o.e.m.c.i.e.AbstractTransferListenerAdapter - Downloading https://repo.maven.apache.org/maven2/com/zaxxer/HikariCP/6.3.3/HikariCP-6.3.3.pom
2025-11-19 07:50:08,456 [Worker-19: Update Maven projects configuration] INFO  o.e.m.c.i.e.AbstractTransferListenerAdapter - Downloaded https://repo.maven.apache.org/maven2/com/zaxxer/HikariCP/6.3.3/HikariCP-6.3.3.pom
2025-11-19 07:50:08,508 [Worker-19: Update Maven projects configuration] INFO  o.e.m.c.i.e.AbstractTransferListenerAdapter - Downloading https://repo.maven.apache.org/maven2/org/springframework/spring-jdbc/6.2.12/spring-jdbc-6.2.12.pom
2025-11-19 07:50:08,550 [Worker-19: Update Maven projects configuration] INFO  o.e.m.c.i.e.AbstractTransferListenerAdapter - Downloaded https://repo.maven.apache.org/maven2/org/springframework/spring-jdbc/6.2.12/spring-jdbc-6.2.12.pom
2025-11-19 07:50:08,591 [Worker-19: Update Maven projects configuration] INFO  o.e.m.c.i.e.AbstractTransferListenerAdapter - Downloading https://repo.maven.apache.org/maven2/org/springframework/spring-tx/6.2.12/spring-tx-6.2.12.pom
2025-11-19 07:50:08,630 [Worker-19: Update Maven projects configuration] INFO  o.e.m.c.i.e.AbstractTransferListenerAdapter - Downloaded https://repo.maven.apache.org/maven2/org/springframework/spring-tx/6.2.12/spring-tx-6.2.12.pom
2025-11-19 07:50:08,679 [Worker-19: Update Maven projects configuration] INFO  o.e.m.c.i.e.AbstractTransferListenerAdapter - Downloading https://repo.maven.apache.org/maven2/org/hibernate/orm/hibernate-core/6.6.33.Final/hibernate-core-6.6.33.Final.pom
2025-11-19 07:50:08,723 [Worker-19: Update Maven projects configuration] INFO  o.e.m.c.i.e.AbstractTransferListenerAdapter - Downloaded https://repo.maven.apache.org/maven2/org/hibernate/orm/hibernate-core/6.6.33.Final/hibernate-core-6.6.33.Final.pom
2025-11-19 07:50:08,800 [Worker-19: Update Maven projects configuration] INFO  o.e.m.c.i.e.AbstractTransferListenerAdapter - Downloading https://repo.maven.apache.org/maven2/com/fasterxml/classmate/1.7.1/classmate-1.7.1.pom
2025-11-19 07:50:08,839 [Worker-19: Update Maven projects configuration] INFO  o.e.m.c.i.e.AbstractTransferListenerAdapter - Downloaded https://repo.maven.apache.org/maven2/com/fasterxml/classmate/1.7.1/classmate-1.7.1.pom
2025-11-19 07:50:09,070 [Worker-19: Update Maven projects configuration] INFO  o.e.m.c.i.e.AbstractTransferListenerAdapter - Downloading https://repo.maven.apache.org/maven2/org/glassfish/jaxb/jaxb-runtime/4.0.6/jaxb-runtime-4.0.6.pom
2025-11-19 07:50:09,110 [Worker-19: Update Maven projects configuration] INFO  o.e.m.c.i.e.AbstractTransferListenerAdapter - Downloaded https://repo.maven.apache.org/maven2/org/glassfish/jaxb/jaxb-runtime/4.0.6/jaxb-runtime-4.0.6.pom
2025-11-19 07:50:09,161 [Worker-19: Update Maven projects configuration] INFO  o.e.m.c.i.e.AbstractTransferListenerAdapter - Downloading https://repo.maven.apache.org/maven2/com/sun/xml/bind/mvn/jaxb-runtime-parent/4.0.6/jaxb-runtime-parent-4.0.6.pom
2025-11-19 07:50:09,202 [Worker-19: Update Maven projects configuration] INFO  o.e.m.c.i.e.AbstractTransferListenerAdapter - Downloaded https://repo.maven.apache.org/maven2/com/sun/xml/bind/mvn/jaxb-runtime-parent/4.0.6/jaxb-runtime-parent-4.0.6.pom
2025-11-19 07:50:09,242 [Worker-19: Update Maven projects configuration] INFO  o.e.m.c.i.e.AbstractTransferListenerAdapter - Downloading https://repo.maven.apache.org/maven2/com/sun/xml/bind/mvn/jaxb-parent/4.0.6/jaxb-parent-4.0.6.pom
2025-11-19 07:50:09,288 [Worker-19: Update Maven projects configuration] INFO  o.e.m.c.i.e.AbstractTransferListenerAdapter - Downloaded https://repo.maven.apache.org/maven2/com/sun/xml/bind/mvn/jaxb-parent/4.0.6/jaxb-parent-4.0.6.pom
2025-11-19 07:50:09,338 [Worker-19: Update Maven projects configuration] INFO  o.e.m.c.i.e.AbstractTransferListenerAdapter - Downloading https://repo.maven.apache.org/maven2/com/sun/xml/bind/jaxb-bom-ext/4.0.6/jaxb-bom-ext-4.0.6.pom
2025-11-19 07:50:09,377 [Worker-19: Update Maven projects configuration] INFO  o.e.m.c.i.e.AbstractTransferListenerAdapter - Downloaded https://repo.maven.apache.org/maven2/com/sun/xml/bind/jaxb-bom-ext/4.0.6/jaxb-bom-ext-4.0.6.pom
2025-11-19 07:50:09,419 [Worker-19: Update Maven projects configuration] INFO  o.e.m.c.i.e.AbstractTransferListenerAdapter - Downloading https://repo.maven.apache.org/maven2/org/glassfish/jaxb/jaxb-core/4.0.6/jaxb-core-4.0.6.pom
2025-11-19 07:50:09,457 [Worker-19: Update Maven projects configuration] INFO  o.e.m.c.i.e.AbstractTransferListenerAdapter - Downloaded https://repo.maven.apache.org/maven2/org/glassfish/jaxb/jaxb-core/4.0.6/jaxb-core-4.0.6.pom
2025-11-19 07:50:09,500 [Worker-19: Update Maven projects configuration] INFO  o.e.m.c.i.e.AbstractTransferListenerAdapter - Downloading https://repo.maven.apache.org/maven2/org/eclipse/angus/angus-activation/2.0.3/angus-activation-2.0.3.pom
2025-11-19 07:50:09,539 [Worker-19: Update Maven projects configuration] INFO  o.e.m.c.i.e.AbstractTransferListenerAdapter - Downloaded https://repo.maven.apache.org/maven2/org/eclipse/angus/angus-activation/2.0.3/angus-activation-2.0.3.pom
2025-11-19 07:50:09,589 [Worker-19: Update Maven projects configuration] INFO  o.e.m.c.i.e.AbstractTransferListenerAdapter - Downloading https://repo.maven.apache.org/maven2/org/eclipse/angus/angus-activation-project/2.0.3/angus-activation-project-2.0.3.pom
2025-11-19 07:50:09,630 [Worker-19: Update Maven projects configuration] INFO  o.e.m.c.i.e.AbstractTransferListenerAdapter - Downloaded https://repo.maven.apache.org/maven2/org/eclipse/angus/angus-activation-project/2.0.3/angus-activation-project-2.0.3.pom
2025-11-19 07:50:09,696 [Worker-19: Update Maven projects configuration] INFO  o.e.m.c.i.e.AbstractTransferListenerAdapter - Downloading https://repo.maven.apache.org/maven2/org/glassfish/jaxb/txw2/4.0.6/txw2-4.0.6.pom
2025-11-19 07:50:09,737 [Worker-19: Update Maven projects configuration] INFO  o.e.m.c.i.e.AbstractTransferListenerAdapter - Downloaded https://repo.maven.apache.org/maven2/org/glassfish/jaxb/txw2/4.0.6/txw2-4.0.6.pom
2025-11-19 07:50:09,772 [Worker-19: Update Maven projects configuration] INFO  o.e.m.c.i.e.AbstractTransferListenerAdapter - Downloading https://repo.maven.apache.org/maven2/com/sun/xml/bind/mvn/jaxb-txw-parent/4.0.6/jaxb-txw-parent-4.0.6.pom
2025-11-19 07:50:09,816 [Worker-19: Update Maven projects configuration] INFO  o.e.m.c.i.e.AbstractTransferListenerAdapter - Downloaded https://repo.maven.apache.org/maven2/com/sun/xml/bind/mvn/jaxb-txw-parent/4.0.6/jaxb-txw-parent-4.0.6.pom
2025-11-19 07:50:09,871 [Worker-19: Update Maven projects configuration] INFO  o.e.m.c.i.e.AbstractTransferListenerAdapter - Downloading https://repo.maven.apache.org/maven2/org/springframework/data/spring-data-jpa/3.5.5/spring-data-jpa-3.5.5.pom
2025-11-19 07:50:09,910 [Worker-19: Update Maven projects configuration] INFO  o.e.m.c.i.e.AbstractTransferListenerAdapter - Downloaded https://repo.maven.apache.org/maven2/org/springframework/data/spring-data-jpa/3.5.5/spring-data-jpa-3.5.5.pom
2025-11-19 07:50:09,966 [Worker-19: Update Maven projects configuration] INFO  o.e.m.c.i.e.AbstractTransferListenerAdapter - Downloading https://repo.maven.apache.org/maven2/org/springframework/data/spring-data-jpa-parent/3.5.5/spring-data-jpa-parent-3.5.5.pom
2025-11-19 07:50:10,019 [Worker-19: Update Maven projects configuration] INFO  o.e.m.c.i.e.AbstractTransferListenerAdapter - Downloaded https://repo.maven.apache.org/maven2/org/springframework/data/spring-data-jpa-parent/3.5.5/spring-data-jpa-parent-3.5.5.pom
2025-11-19 07:50:10,056 [Worker-19: Update Maven projects configuration] INFO  o.e.m.c.i.e.AbstractTransferListenerAdapter - Downloading https://repo.maven.apache.org/maven2/org/springframework/data/build/spring-data-parent/3.5.5/spring-data-parent-3.5.5.pom
2025-11-19 07:50:10,100 [Worker-19: Update Maven projects configuration] INFO  o.e.m.c.i.e.AbstractTransferListenerAdapter - Downloaded https://repo.maven.apache.org/maven2/org/springframework/data/build/spring-data-parent/3.5.5/spring-data-parent-3.5.5.pom
2025-11-19 07:50:10,148 [Worker-19: Update Maven projects configuration] INFO  o.e.m.c.i.e.AbstractTransferListenerAdapter - Downloading https://repo.maven.apache.org/maven2/org/springframework/data/build/spring-data-build/3.5.5/spring-data-build-3.5.5.pom
2025-11-19 07:50:10,190 [Worker-19: Update Maven projects configuration] INFO  o.e.m.c.i.e.AbstractTransferListenerAdapter - Downloaded https://repo.maven.apache.org/maven2/org/springframework/data/build/spring-data-build/3.5.5/spring-data-build-3.5.5.pom
2025-11-19 07:50:10,253 [Worker-19: Update Maven projects configuration] INFO  o.e.m.c.i.e.AbstractTransferListenerAdapter - Downloading https://repo.maven.apache.org/maven2/org/springframework/data/spring-data-commons/3.5.5/spring-data-commons-3.5.5.pom
2025-11-19 07:50:10,292 [Worker-19: Update Maven projects configuration] INFO  o.e.m.c.i.e.AbstractTransferListenerAdapter - Downloaded https://repo.maven.apache.org/maven2/org/springframework/data/spring-data-commons/3.5.5/spring-data-commons-3.5.5.pom
2025-11-19 07:50:10,342 [Worker-19: Update Maven projects configuration] INFO  o.e.m.c.i.e.AbstractTransferListenerAdapter - Downloading https://repo.maven.apache.org/maven2/org/springframework/spring-orm/6.2.12/spring-orm-6.2.12.pom
2025-11-19 07:50:10,382 [Worker-19: Update Maven projects configuration] INFO  o.e.m.c.i.e.AbstractTransferListenerAdapter - Downloaded https://repo.maven.apache.org/maven2/org/springframework/spring-orm/6.2.12/spring-orm-6.2.12.pom
2025-11-19 07:50:10,421 [Worker-19: Update Maven projects configuration] INFO  o.e.m.c.i.e.AbstractTransferListenerAdapter - Downloading https://repo.maven.apache.org/maven2/org/springframework/spring-aspects/6.2.12/spring-aspects-6.2.12.pom
2025-11-19 07:50:10,460 [Worker-19: Update Maven projects configuration] INFO  o.e.m.c.i.e.AbstractTransferListenerAdapter - Downloaded https://repo.maven.apache.org/maven2/org/springframework/spring-aspects/6.2.12/spring-aspects-6.2.12.pom
2025-11-19 07:50:10,830 [Worker-19: Update Maven projects configuration] INFO  o.e.m.c.i.e.AbstractTransferListenerAdapter - Downloading https://repo.maven.apache.org/maven2/com/mysql/mysql-connector-j/9.4.0/mysql-connector-j-9.4.0.pom
2025-11-19 07:50:10,871 [Worker-19: Update Maven projects configuration] INFO  o.e.m.c.i.e.AbstractTransferListenerAdapter - Downloaded https://repo.maven.apache.org/maven2/com/mysql/mysql-connector-j/9.4.0/mysql-connector-j-9.4.0.pom
2025-11-19 07:50:11,440 [Worker-19: Update Maven projects configuration] INFO  o.e.m.c.i.e.AbstractTransferListenerAdapter - Downloading https://repo.maven.apache.org/maven2/org/springframework/boot/spring-boot-starter-data-jpa/3.5.7/spring-boot-starter-data-jpa-3.5.7.jar
2025-11-19 07:50:11,503 [Worker-19: Update Maven projects configuration] INFO  o.e.m.c.i.e.AbstractTransferListenerAdapter - Downloaded https://repo.maven.apache.org/maven2/org/springframework/boot/spring-boot-starter-data-jpa/3.5.7/spring-boot-starter-data-jpa-3.5.7.jar
2025-11-19 07:50:11,535 [BasicRepositoryConnector-repo.maven.apache.org-0-0] INFO  o.e.m.c.i.e.AbstractTransferListenerAdapter - Downloading https://repo.maven.apache.org/maven2/org/springframework/boot/spring-boot-starter-jdbc/3.5.7/spring-boot-starter-jdbc-3.5.7.jar
2025-11-19 07:50:11,586 [BasicRepositoryConnector-repo.maven.apache.org-0-3] INFO  o.e.m.c.i.e.AbstractTransferListenerAdapter - Downloading https://repo.maven.apache.org/maven2/org/hibernate/orm/hibernate-core/6.6.33.Final/hibernate-core-6.6.33.Final.jar
2025-11-19 07:50:11,588 [BasicRepositoryConnector-repo.maven.apache.org-0-2] INFO  o.e.m.c.i.e.AbstractTransferListenerAdapter - Downloading https://repo.maven.apache.org/maven2/org/springframework/spring-jdbc/6.2.12/spring-jdbc-6.2.12.jar
2025-11-19 07:50:11,603 [BasicRepositoryConnector-repo.maven.apache.org-0-4] INFO  o.e.m.c.i.e.AbstractTransferListenerAdapter - Downloading https://repo.maven.apache.org/maven2/com/fasterxml/classmate/1.7.1/classmate-1.7.1.jar
2025-11-19 07:50:11,612 [BasicRepositoryConnector-repo.maven.apache.org-0-1] INFO  o.e.m.c.i.e.AbstractTransferListenerAdapter - Downloading https://repo.maven.apache.org/maven2/com/zaxxer/HikariCP/6.3.3/HikariCP-6.3.3.jar
2025-11-19 07:50:11,624 [BasicRepositoryConnector-repo.maven.apache.org-0-0] INFO  o.e.m.c.i.e.AbstractTransferListenerAdapter - Downloaded https://repo.maven.apache.org/maven2/org/springframework/boot/spring-boot-starter-jdbc/3.5.7/spring-boot-starter-jdbc-3.5.7.jar
2025-11-19 07:50:11,673 [BasicRepositoryConnector-repo.maven.apache.org-0-0] INFO  o.e.m.c.i.e.AbstractTransferListenerAdapter - Downloading https://repo.maven.apache.org/maven2/org/glassfish/jaxb/jaxb-runtime/4.0.6/jaxb-runtime-4.0.6.jar
2025-11-19 07:50:11,674 [BasicRepositoryConnector-repo.maven.apache.org-0-4] INFO  o.e.m.c.i.e.AbstractTransferListenerAdapter - Downloaded https://repo.maven.apache.org/maven2/com/fasterxml/classmate/1.7.1/classmate-1.7.1.jar
2025-11-19 07:50:11,753 [BasicRepositoryConnector-repo.maven.apache.org-0-1] INFO  o.e.m.c.i.e.AbstractTransferListenerAdapter - Downloaded https://repo.maven.apache.org/maven2/com/zaxxer/HikariCP/6.3.3/HikariCP-6.3.3.jar
2025-11-19 07:50:11,780 [BasicRepositoryConnector-repo.maven.apache.org-0-4] INFO  o.e.m.c.i.e.AbstractTransferListenerAdapter - Downloading https://repo.maven.apache.org/maven2/org/glassfish/jaxb/jaxb-core/4.0.6/jaxb-core-4.0.6.jar
2025-11-19 07:50:11,890 [BasicRepositoryConnector-repo.maven.apache.org-0-1] INFO  o.e.m.c.i.e.AbstractTransferListenerAdapter - Downloading https://repo.maven.apache.org/maven2/org/eclipse/angus/angus-activation/2.0.3/angus-activation-2.0.3.jar
2025-11-19 07:50:11,910 [BasicRepositoryConnector-repo.maven.apache.org-0-4] INFO  o.e.m.c.i.e.AbstractTransferListenerAdapter - Downloaded https://repo.maven.apache.org/maven2/org/glassfish/jaxb/jaxb-core/4.0.6/jaxb-core-4.0.6.jar
2025-11-19 07:50:11,978 [BasicRepositoryConnector-repo.maven.apache.org-0-4] INFO  o.e.m.c.i.e.AbstractTransferListenerAdapter - Downloading https://repo.maven.apache.org/maven2/org/glassfish/jaxb/txw2/4.0.6/txw2-4.0.6.jar
2025-11-19 07:50:11,980 [BasicRepositoryConnector-repo.maven.apache.org-0-2] INFO  o.e.m.c.i.e.AbstractTransferListenerAdapter - Downloaded https://repo.maven.apache.org/maven2/org/springframework/spring-jdbc/6.2.12/spring-jdbc-6.2.12.jar
2025-11-19 07:50:12,029 [BasicRepositoryConnector-repo.maven.apache.org-0-2] INFO  o.e.m.c.i.e.AbstractTransferListenerAdapter - Downloading https://repo.maven.apache.org/maven2/org/springframework/data/spring-data-jpa/3.5.5/spring-data-jpa-3.5.5.jar
2025-11-19 07:50:12,048 [BasicRepositoryConnector-repo.maven.apache.org-0-4] INFO  o.e.m.c.i.e.AbstractTransferListenerAdapter - Downloaded https://repo.maven.apache.org/maven2/org/glassfish/jaxb/txw2/4.0.6/txw2-4.0.6.jar
2025-11-19 07:50:12,130 [BasicRepositoryConnector-repo.maven.apache.org-0-4] INFO  o.e.m.c.i.e.AbstractTransferListenerAdapter - Downloading https://repo.maven.apache.org/maven2/org/springframework/data/spring-data-commons/3.5.5/spring-data-commons-3.5.5.jar
2025-11-19 07:50:12,326 [BasicRepositoryConnector-repo.maven.apache.org-0-1] INFO  o.e.m.c.i.e.AbstractTransferListenerAdapter - Downloaded https://repo.maven.apache.org/maven2/org/eclipse/angus/angus-activation/2.0.3/angus-activation-2.0.3.jar
2025-11-19 07:50:12,354 [BasicRepositoryConnector-repo.maven.apache.org-0-0] INFO  o.e.m.c.i.e.AbstractTransferListenerAdapter - Downloaded https://repo.maven.apache.org/maven2/org/glassfish/jaxb/jaxb-runtime/4.0.6/jaxb-runtime-4.0.6.jar
2025-11-19 07:50:12,428 [BasicRepositoryConnector-repo.maven.apache.org-0-1] INFO  o.e.m.c.i.e.AbstractTransferListenerAdapter - Downloading https://repo.maven.apache.org/maven2/org/springframework/spring-orm/6.2.12/spring-orm-6.2.12.jar
2025-11-19 07:50:12,516 [BasicRepositoryConnector-repo.maven.apache.org-0-0] INFO  o.e.m.c.i.e.AbstractTransferListenerAdapter - Downloading https://repo.maven.apache.org/maven2/org/springframework/spring-tx/6.2.12/spring-tx-6.2.12.jar
2025-11-19 07:50:12,626 [BasicRepositoryConnector-repo.maven.apache.org-0-1] INFO  o.e.m.c.i.e.AbstractTransferListenerAdapter - Downloaded https://repo.maven.apache.org/maven2/org/springframework/spring-orm/6.2.12/spring-orm-6.2.12.jar
2025-11-19 07:50:12,647 [BasicRepositoryConnector-repo.maven.apache.org-0-4] INFO  o.e.m.c.i.e.AbstractTransferListenerAdapter - Downloaded https://repo.maven.apache.org/maven2/org/springframework/data/spring-data-commons/3.5.5/spring-data-commons-3.5.5.jar
2025-11-19 07:50:12,693 [BasicRepositoryConnector-repo.maven.apache.org-0-1] INFO  o.e.m.c.i.e.AbstractTransferListenerAdapter - Downloading https://repo.maven.apache.org/maven2/org/springframework/spring-aspects/6.2.12/spring-aspects-6.2.12.jar
2025-11-19 07:50:12,695 [BasicRepositoryConnector-repo.maven.apache.org-0-4] INFO  o.e.m.c.i.e.AbstractTransferListenerAdapter - Downloading https://repo.maven.apache.org/maven2/com/mysql/mysql-connector-j/9.4.0/mysql-connector-j-9.4.0.jar
2025-11-19 07:50:12,724 [BasicRepositoryConnector-repo.maven.apache.org-0-0] INFO  o.e.m.c.i.e.AbstractTransferListenerAdapter - Downloaded https://repo.maven.apache.org/maven2/org/springframework/spring-tx/6.2.12/spring-tx-6.2.12.jar
2025-11-19 07:50:13,177 [BasicRepositoryConnector-repo.maven.apache.org-0-2] INFO  o.e.m.c.i.e.AbstractTransferListenerAdapter - Downloaded https://repo.maven.apache.org/maven2/org/springframework/data/spring-data-jpa/3.5.5/spring-data-jpa-3.5.5.jar
2025-11-19 07:50:13,441 [BasicRepositoryConnector-repo.maven.apache.org-0-1] INFO  o.e.m.c.i.e.AbstractTransferListenerAdapter - Downloaded https://repo.maven.apache.org/maven2/org/springframework/spring-aspects/6.2.12/spring-aspects-6.2.12.jar
2025-11-19 07:50:13,581 [BasicRepositoryConnector-repo.maven.apache.org-0-4] INFO  o.e.m.c.i.e.AbstractTransferListenerAdapter - Downloaded https://repo.maven.apache.org/maven2/com/mysql/mysql-connector-j/9.4.0/mysql-connector-j-9.4.0.jar
2025-11-19 07:50:14,062 [BasicRepositoryConnector-repo.maven.apache.org-0-3] INFO  o.e.m.c.i.e.AbstractTransferListenerAdapter - Downloaded https://repo.maven.apache.org/maven2/org/hibernate/orm/hibernate-core/6.6.33.Final/hibernate-core-6.6.33.Final.jar
2025-11-19 07:50:15,180 [Worker-19: Update Maven projects configuration] INFO  o.e.m.j.i.AbstractJavaProjectConfigurator - Adding source folder /CareerPT/src/main/java
2025-11-19 07:50:15,182 [Worker-19: Update Maven projects configuration] INFO  o.e.m.j.i.AbstractJavaProjectConfigurator - Adding resource folder /CareerPT/src/main/resources
2025-11-19 07:50:15,197 [Worker-19: Update Maven projects configuration] INFO  o.e.m.j.i.AbstractJavaProjectConfigurator - Adding resource folder /CareerPT/src/main/resources
2025-11-19 07:50:15,214 [Worker-19: Update Maven projects configuration] INFO  o.e.m.j.i.AbstractJavaProjectConfigurator - Adding source folder /CareerPT/src/test/java
2025-11-19 07:50:15,214 [Worker-19: Update Maven projects configuration] INFO  o.e.m.j.i.AbstractJavaProjectConfigurator - Adding resource folder /CareerPT/src/test/resources
2025-11-19 07:50:15,704 [Worker-15: Download sources and javadoc] INFO  o.e.m.c.i.e.AbstractTransferListenerAdapter - Downloading https://repo.maven.apache.org/maven2/org/springframework/boot/spring-boot-starter-data-jpa/3.5.7/spring-boot-starter-data-jpa-3.5.7-sources.jar
2025-11-19 07:50:15,715 [Worker-15: Download sources and javadoc] INFO  o.e.m.c.i.e.AbstractTransferListenerAdapter - Downloaded https://repo.maven.apache.org/maven2/org/springframework/boot/spring-boot-starter-data-jpa/3.5.7/spring-boot-starter-data-jpa-3.5.7-sources.jar
2025-11-19 07:50:15,721 [Worker-15: Download sources and javadoc] INFO  o.e.m.j.internal.DownloadSourcesJob - Downloaded sources for org.springframework.boot:spring-boot-starter-data-jpa:3.5.7
2025-11-19 07:50:15,797 [Worker-15: Download sources and javadoc] INFO  o.e.m.c.i.e.AbstractTransferListenerAdapter - Downloading https://repo.maven.apache.org/maven2/org/springframework/boot/spring-boot-starter-jdbc/3.5.7/spring-boot-starter-jdbc-3.5.7-sources.jar
2025-11-19 07:50:15,861 [Worker-15: Download sources and javadoc] INFO  o.e.m.c.i.e.AbstractTransferListenerAdapter - Downloaded https://repo.maven.apache.org/maven2/org/springframework/boot/spring-boot-starter-jdbc/3.5.7/spring-boot-starter-jdbc-3.5.7-sources.jar
2025-11-19 07:50:15,869 [Worker-15: Download sources and javadoc] INFO  o.e.m.j.internal.DownloadSourcesJob - Downloaded sources for org.springframework.boot:spring-boot-starter-jdbc:3.5.7
2025-11-19 07:50:15,949 [Worker-15: Download sources and javadoc] INFO  o.e.m.c.i.e.AbstractTransferListenerAdapter - Downloading https://repo.maven.apache.org/maven2/com/zaxxer/HikariCP/6.3.3/HikariCP-6.3.3-sources.jar
2025-11-19 07:50:16,040 [Worker-15: Download sources and javadoc] INFO  o.e.m.c.i.e.AbstractTransferListenerAdapter - Downloaded https://repo.maven.apache.org/maven2/com/zaxxer/HikariCP/6.3.3/HikariCP-6.3.3-sources.jar
2025-11-19 07:50:16,046 [Worker-15: Download sources and javadoc] INFO  o.e.m.j.internal.DownloadSourcesJob - Downloaded sources for com.zaxxer:HikariCP:6.3.3
2025-11-19 07:50:16,163 [Worker-15: Download sources and javadoc] INFO  o.e.m.c.i.e.AbstractTransferListenerAdapter - Downloading https://repo.maven.apache.org/maven2/org/springframework/spring-jdbc/6.2.12/spring-jdbc-6.2.12-sources.jar
2025-11-19 07:50:16,342 [Worker-15: Download sources and javadoc] INFO  o.e.m.c.i.e.AbstractTransferListenerAdapter - Downloaded https://repo.maven.apache.org/maven2/org/springframework/spring-jdbc/6.2.12/spring-jdbc-6.2.12-sources.jar
2025-11-19 07:50:16,348 [Worker-15: Download sources and javadoc] INFO  o.e.m.j.internal.DownloadSourcesJob - Downloaded sources for org.springframework:spring-jdbc:6.2.12
2025-11-19 07:50:16,416 [Worker-15: Download sources and javadoc] INFO  o.e.m.c.i.e.AbstractTransferListenerAdapter - Downloading https://repo.maven.apache.org/maven2/org/hibernate/orm/hibernate-core/6.6.33.Final/hibernate-core-6.6.33.Final-sources.jar
2025-11-19 07:50:17,487 [Worker-15: Download sources and javadoc] INFO  o.e.m.c.i.e.AbstractTransferListenerAdapter - Downloaded https://repo.maven.apache.org/maven2/org/hibernate/orm/hibernate-core/6.6.33.Final/hibernate-core-6.6.33.Final-sources.jar
2025-11-19 07:50:17,496 [Worker-15: Download sources and javadoc] INFO  o.e.m.j.internal.DownloadSourcesJob - Downloaded sources for org.hibernate.orm:hibernate-core:6.6.33.Final
2025-11-19 07:50:17,584 [Worker-15: Download sources and javadoc] INFO  o.e.m.c.i.e.AbstractTransferListenerAdapter - Downloading https://repo.maven.apache.org/maven2/com/fasterxml/classmate/1.7.1/classmate-1.7.1-sources.jar
2025-11-19 07:50:17,651 [Worker-15: Download sources and javadoc] INFO  o.e.m.c.i.e.AbstractTransferListenerAdapter - Downloaded https://repo.maven.apache.org/maven2/com/fasterxml/classmate/1.7.1/classmate-1.7.1-sources.jar
2025-11-19 07:50:17,660 [Worker-15: Download sources and javadoc] INFO  o.e.m.j.internal.DownloadSourcesJob - Downloaded sources for com.fasterxml:classmate:1.7.1
2025-11-19 07:50:17,726 [Worker-13: Building] INFO  o.a.m.s.f.DefaultMavenResourcesFiltering - Copying 1 resource from src\main\resources to target\classes
2025-11-19 07:50:17,731 [Worker-15: Download sources and javadoc] INFO  o.e.m.c.i.e.AbstractTransferListenerAdapter - Downloading https://repo.maven.apache.org/maven2/org/glassfish/jaxb/jaxb-runtime/4.0.6/jaxb-runtime-4.0.6-sources.jar
2025-11-19 07:50:17,743 [Worker-13: Building] INFO  o.a.m.s.f.DefaultMavenResourcesFiltering - Copying 0 resource from src\main\resources to target\classes
2025-11-19 07:50:17,749 [Worker-13: Building] INFO  o.a.m.s.f.DefaultMavenResourcesFiltering - skip non existing resourceDirectory D:\Career Portal\Backend\CareerPT\src\test\resources
2025-11-19 07:50:17,876 [Worker-15: Download sources and javadoc] INFO  o.e.m.c.i.e.AbstractTransferListenerAdapter - Downloaded https://repo.maven.apache.org/maven2/org/glassfish/jaxb/jaxb-runtime/4.0.6/jaxb-runtime-4.0.6-sources.jar
2025-11-19 07:50:17,885 [Worker-15: Download sources and javadoc] INFO  o.e.m.j.internal.DownloadSourcesJob - Downloaded sources for org.glassfish.jaxb:jaxb-runtime:4.0.6
2025-11-19 07:50:17,976 [Worker-15: Download sources and javadoc] INFO  o.e.m.c.i.e.AbstractTransferListenerAdapter - Downloading https://repo.maven.apache.org/maven2/org/glassfish/jaxb/jaxb-core/4.0.6/jaxb-core-4.0.6-sources.jar
2025-11-19 07:50:18,020 [Worker-19: Update Maven projects configuration] INFO  o.e.m.c.i.p.ProjectConfigurationManager - Update completed for 1 poms: local refresh takes 0.00 sec, refresh facades takes 10.00 sec, update config takes 3.00 sec 
2025-11-19 07:50:18,059 [Worker-15: Download sources and javadoc] INFO  o.e.m.c.i.e.AbstractTransferListenerAdapter - Downloaded https://repo.maven.apache.org/maven2/org/glassfish/jaxb/jaxb-core/4.0.6/jaxb-core-4.0.6-sources.jar
2025-11-19 07:50:18,066 [Worker-15: Download sources and javadoc] INFO  o.e.m.j.internal.DownloadSourcesJob - Downloaded sources for org.glassfish.jaxb:jaxb-core:4.0.6
2025-11-19 07:50:18,145 [Worker-15: Download sources and javadoc] INFO  o.e.m.c.i.e.AbstractTransferListenerAdapter - Downloading https://repo.maven.apache.org/maven2/org/eclipse/angus/angus-activation/2.0.3/angus-activation-2.0.3-sources.jar
2025-11-19 07:50:18,524 [Worker-21: Building] INFO  o.a.m.s.f.DefaultMavenResourcesFiltering - Copying 1 resource from src\main\resources to target\classes
2025-11-19 07:50:18,527 [Worker-21: Building] INFO  o.a.m.s.f.DefaultMavenResourcesFiltering - Copying 0 resource from src\main\resources to target\classes
2025-11-19 07:50:18,530 [Worker-21: Building] INFO  o.a.m.s.f.DefaultMavenResourcesFiltering - skip non existing resourceDirectory D:\Career Portal\Backend\CareerPT\src\test\resources
2025-11-19 07:50:18,562 [Worker-15: Download sources and javadoc] INFO  o.e.m.c.i.e.AbstractTransferListenerAdapter - Downloaded https://repo.maven.apache.org/maven2/org/eclipse/angus/angus-activation/2.0.3/angus-activation-2.0.3-sources.jar
2025-11-19 07:50:18,569 [Worker-15: Download sources and javadoc] INFO  o.e.m.j.internal.DownloadSourcesJob - Downloaded sources for org.eclipse.angus:angus-activation:2.0.3
2025-11-19 07:50:18,680 [Worker-15: Download sources and javadoc] INFO  o.e.m.c.i.e.AbstractTransferListenerAdapter - Downloading https://repo.maven.apache.org/maven2/org/glassfish/jaxb/txw2/4.0.6/txw2-4.0.6-sources.jar
2025-11-19 07:50:18,733 [Worker-15: Download sources and javadoc] INFO  o.e.m.c.i.e.AbstractTransferListenerAdapter - Downloaded https://repo.maven.apache.org/maven2/org/glassfish/jaxb/txw2/4.0.6/txw2-4.0.6-sources.jar
2025-11-19 07:50:18,738 [Worker-15: Download sources and javadoc] INFO  o.e.m.j.internal.DownloadSourcesJob - Downloaded sources for org.glassfish.jaxb:txw2:4.0.6
2025-11-19 07:50:18,806 [Worker-15: Download sources and javadoc] INFO  o.e.m.c.i.e.AbstractTransferListenerAdapter - Downloading https://repo.maven.apache.org/maven2/org/springframework/data/spring-data-jpa/3.5.5/spring-data-jpa-3.5.5-sources.jar
2025-11-19 07:50:18,931 [Worker-15: Download sources and javadoc] INFO  o.e.m.c.i.e.AbstractTransferListenerAdapter - Downloaded https://repo.maven.apache.org/maven2/org/springframework/data/spring-data-jpa/3.5.5/spring-data-jpa-3.5.5-sources.jar
2025-11-19 07:50:18,936 [Worker-15: Download sources and javadoc] INFO  o.e.m.j.internal.DownloadSourcesJob - Downloaded sources for org.springframework.data:spring-data-jpa:3.5.5
2025-11-19 07:50:18,995 [Worker-15: Download sources and javadoc] INFO  o.e.m.c.i.e.AbstractTransferListenerAdapter - Downloading https://repo.maven.apache.org/maven2/org/springframework/data/spring-data-commons/3.5.5/spring-data-commons-3.5.5-sources.jar
2025-11-19 07:50:19,213 [Worker-15: Download sources and javadoc] INFO  o.e.m.c.i.e.AbstractTransferListenerAdapter - Downloaded https://repo.maven.apache.org/maven2/org/springframework/data/spring-data-commons/3.5.5/spring-data-commons-3.5.5-sources.jar
2025-11-19 07:50:19,219 [Worker-15: Download sources and javadoc] INFO  o.e.m.j.internal.DownloadSourcesJob - Downloaded sources for org.springframework.data:spring-data-commons:3.5.5
2025-11-19 07:50:19,338 [Worker-15: Download sources and javadoc] INFO  o.e.m.c.i.e.AbstractTransferListenerAdapter - Downloading https://repo.maven.apache.org/maven2/org/springframework/spring-orm/6.2.12/spring-orm-6.2.12-sources.jar
2025-11-19 07:50:19,391 [Worker-15: Download sources and javadoc] INFO  o.e.m.c.i.e.AbstractTransferListenerAdapter - Downloaded https://repo.maven.apache.org/maven2/org/springframework/spring-orm/6.2.12/spring-orm-6.2.12-sources.jar
2025-11-19 07:50:19,396 [Worker-15: Download sources and javadoc] INFO  o.e.m.j.internal.DownloadSourcesJob - Downloaded sources for org.springframework:spring-orm:6.2.12
2025-11-19 07:50:19,472 [Worker-15: Download sources and javadoc] INFO  o.e.m.c.i.e.AbstractTransferListenerAdapter - Downloading https://repo.maven.apache.org/maven2/org/springframework/spring-tx/6.2.12/spring-tx-6.2.12-sources.jar
2025-11-19 07:50:19,556 [Worker-15: Download sources and javadoc] INFO  o.e.m.c.i.e.AbstractTransferListenerAdapter - Downloaded https://repo.maven.apache.org/maven2/org/springframework/spring-tx/6.2.12/spring-tx-6.2.12-sources.jar
2025-11-19 07:50:19,562 [Worker-15: Download sources and javadoc] INFO  o.e.m.j.internal.DownloadSourcesJob - Downloaded sources for org.springframework:spring-tx:6.2.12
2025-11-19 07:50:19,636 [Worker-15: Download sources and javadoc] INFO  o.e.m.c.i.e.AbstractTransferListenerAdapter - Downloading https://repo.maven.apache.org/maven2/org/springframework/spring-aspects/6.2.12/spring-aspects-6.2.12-sources.jar
2025-11-19 07:50:20,296 [Worker-15: Download sources and javadoc] INFO  o.e.m.c.i.e.AbstractTransferListenerAdapter - Downloaded https://repo.maven.apache.org/maven2/org/springframework/spring-aspects/6.2.12/spring-aspects-6.2.12-sources.jar
2025-11-19 07:50:20,303 [Worker-15: Download sources and javadoc] INFO  o.e.m.j.internal.DownloadSourcesJob - Downloaded sources for org.springframework:spring-aspects:6.2.12
2025-11-19 07:50:20,402 [Worker-15: Download sources and javadoc] INFO  o.e.m.c.i.e.AbstractTransferListenerAdapter - Downloading https://repo.maven.apache.org/maven2/com/mysql/mysql-connector-j/9.4.0/mysql-connector-j-9.4.0-sources.jar
2025-11-19 07:50:20,766 [Worker-15: Download sources and javadoc] INFO  o.e.m.c.i.e.AbstractTransferListenerAdapter - Downloaded https://repo.maven.apache.org/maven2/com/mysql/mysql-connector-j/9.4.0/mysql-connector-j-9.4.0-sources.jar
2025-11-19 07:50:20,774 [Worker-15: Download sources and javadoc] INFO  o.e.m.j.internal.DownloadSourcesJob - Downloaded sources for com.mysql:mysql-connector-j:9.4.0
2025-11-19 08:07:08,352 [Worker-30: Building] INFO  o.a.m.s.f.DefaultMavenResourcesFiltering - Copying 1 resource from src\main\resources to target\classes
2025-11-19 08:07:08,376 [Worker-30: Building] INFO  o.a.m.s.f.DefaultMavenResourcesFiltering - Copying 0 resource from src\main\resources to target\classes
2025-11-19 08:07:08,381 [Worker-30: Building] INFO  o.a.m.s.f.DefaultMavenResourcesFiltering - skip non existing resourceDirectory D:\Career Portal\Backend\CareerPT\src\test\resources
2025-11-19 08:07:46,029 [Worker-30: Building] INFO  o.a.m.s.f.DefaultMavenResourcesFiltering - Copying 1 resource from src\main\resources to target\classes
2025-11-19 08:07:46,040 [Worker-30: Building] INFO  o.a.m.s.f.DefaultMavenResourcesFiltering - Copying 0 resource from src\main\resources to target\classes
2025-11-19 08:07:46,046 [Worker-30: Building] INFO  o.a.m.s.f.DefaultMavenResourcesFiltering - skip non existing resourceDirectory D:\Career Portal\Backend\CareerPT\src\test\resources
2025-11-19 08:10:05,571 [Worker-32: Building] INFO  o.a.m.s.f.DefaultMavenResourcesFiltering - Copying 1 resource from src\main\resources to target\classes
2025-11-19 08:10:05,583 [Worker-32: Building] INFO  o.a.m.s.f.DefaultMavenResourcesFiltering - Copying 0 resource from src\main\resources to target\classes
2025-11-19 08:10:05,591 [Worker-32: Building] INFO  o.a.m.s.f.DefaultMavenResourcesFiltering - skip non existing resourceDirectory D:\Career Portal\Backend\CareerPT\src\test\resources
2025-11-19 08:12:05,162 [Worker-36: Building] INFO  o.a.m.s.f.DefaultMavenResourcesFiltering - Copying 1 resource from src\main\resources to target\classes
2025-11-19 08:12:05,172 [Worker-36: Building] INFO  o.a.m.s.f.DefaultMavenResourcesFiltering - Copying 0 resource from src\main\resources to target\classes
2025-11-19 08:12:05,177 [Worker-36: Building] INFO  o.a.m.s.f.DefaultMavenResourcesFiltering - skip non existing resourceDirectory D:\Career Portal\Backend\CareerPT\src\test\resources
2025-11-19 08:19:50,719 [Start Help Server] INFO  org.eclipse.jetty.server.Server - jetty-12.0.12; built: 2024-07-25T21:58:37.668Z; git: cc6f1b74db755fed228b50701ad967aeaa68e83f; jvm 21.0.4+7-LTS
2025-11-19 08:19:50,806 [Start Help Server] INFO  o.e.j.server.handler.ContextHandler - Started oeje8n.ContextHandler$CoreContextHandler@4cd452dd{/help,/help,b=null,a=AVAILABLE,h=oeje8n.ContextHandler$CoreContextHandler$CoreToNestedHandler@131a0eca{STARTED}}
2025-11-19 08:19:50,808 [Start Help Server] INFO  o.e.j.s.DefaultSessionIdManager - Session workerName=node0
2025-11-19 08:19:50,858 [Start Help Server] INFO  o.e.jetty.server.AbstractConnector - Started ServerConnector@6a92aa48{HTTP/1.1, (http/1.1)}{127.0.0.1:52908}
2025-11-19 08:19:50,869 [Start Help Server] INFO  org.eclipse.jetty.server.Server - Started oejs.Server@71aa5be2{STARTING}[12.0.12,sto=0] @2408159ms
2025-11-19 08:22:51,266 [Worker-41: Building] INFO  o.a.m.s.f.DefaultMavenResourcesFiltering - Copying 1 resource from src\main\resources to target\classes
2025-11-19 08:22:51,310 [Worker-41: Building] INFO  o.a.m.s.f.DefaultMavenResourcesFiltering - Copying 0 resource from src\main\resources to target\classes
2025-11-19 08:22:51,316 [Worker-41: Building] INFO  o.a.m.s.f.DefaultMavenResourcesFiltering - skip non existing resourceDirectory D:\Career Portal\Backend\CareerPT\src\test\resources
2025-11-19 08:22:54,737 [Worker-43: Building] INFO  o.a.m.s.f.DefaultMavenResourcesFiltering - Copying 1 resource from src\main\resources to target\classes
2025-11-19 08:22:54,764 [Worker-43: Building] INFO  o.a.m.s.f.DefaultMavenResourcesFiltering - Copying 0 resource from src\main\resources to target\classes
2025-11-19 08:22:54,769 [Worker-43: Building] INFO  o.a.m.s.f.DefaultMavenResourcesFiltering - skip non existing resourceDirectory D:\Career Portal\Backend\CareerPT\src\test\resources
2025-11-19 08:25:16,556 [Worker-44: Building] INFO  o.a.m.s.f.DefaultMavenResourcesFiltering - Copying 1 resource from src\main\resources to target\classes
2025-11-19 08:25:16,613 [Worker-44: Building] INFO  o.a.m.s.f.DefaultMavenResourcesFiltering - Copying 0 resource from src\main\resources to target\classes
2025-11-19 08:25:16,621 [Worker-44: Building] INFO  o.a.m.s.f.DefaultMavenResourcesFiltering - skip non existing resourceDirectory D:\Career Portal\Backend\CareerPT\src\test\resources
2025-11-19 08:26:14,598 [Worker-47: Building] INFO  o.a.m.s.f.DefaultMavenResourcesFiltering - Copying 1 resource from src\main\resources to target\classes
2025-11-19 08:26:14,636 [Worker-47: Building] INFO  o.a.m.s.f.DefaultMavenResourcesFiltering - Copying 0 resource from src\main\resources to target\classes
2025-11-19 08:26:14,640 [Worker-47: Building] INFO  o.a.m.s.f.DefaultMavenResourcesFiltering - skip non existing resourceDirectory D:\Career Portal\Backend\CareerPT\src\test\resources
2025-11-19 08:28:21,202 [Worker-51: Building] INFO  o.a.m.s.f.DefaultMavenResourcesFiltering - Copying 1 resource from src\main\resources to target\classes
2025-11-19 08:28:21,223 [Worker-51: Building] INFO  o.a.m.s.f.DefaultMavenResourcesFiltering - Copying 0 resource from src\main\resources to target\classes
2025-11-19 08:28:21,226 [Worker-51: Building] INFO  o.a.m.s.f.DefaultMavenResourcesFiltering - skip non existing resourceDirectory D:\Career Portal\Backend\CareerPT\src\test\resources
2025-11-19 08:32:33,918 [Worker-51: Building] INFO  o.a.m.s.f.DefaultMavenResourcesFiltering - Copying 1 resource from src\main\resources to target\classes
2025-11-19 08:32:33,933 [Worker-51: Building] INFO  o.a.m.s.f.DefaultMavenResourcesFiltering - Copying 0 resource from src\main\resources to target\classes
2025-11-19 08:32:33,938 [Worker-51: Building] INFO  o.a.m.s.f.DefaultMavenResourcesFiltering - skip non existing resourceDirectory D:\Career Portal\Backend\CareerPT\src\test\resources
2025-11-19 08:34:25,085 [Worker-47: Building] INFO  o.a.m.s.f.DefaultMavenResourcesFiltering - Copying 1 resource from src\main\resources to target\classes
2025-11-19 08:34:25,113 [Worker-47: Building] INFO  o.a.m.s.f.DefaultMavenResourcesFiltering - Copying 0 resource from src\main\resources to target\classes
2025-11-19 08:34:25,121 [Worker-47: Building] INFO  o.a.m.s.f.DefaultMavenResourcesFiltering - skip non existing resourceDirectory D:\Career Portal\Backend\CareerPT\src\test\resources
2025-11-19 08:36:11,353 [Worker-54: Building] INFO  o.a.m.s.f.DefaultMavenResourcesFiltering - Copying 1 resource from src\main\resources to target\classes
2025-11-19 08:36:11,373 [Worker-54: Building] INFO  o.a.m.s.f.DefaultMavenResourcesFiltering - Copying 0 resource from src\main\resources to target\classes
2025-11-19 08:36:11,378 [Worker-54: Building] INFO  o.a.m.s.f.DefaultMavenResourcesFiltering - skip non existing resourceDirectory D:\Career Portal\Backend\CareerPT\src\test\resources
2025-11-19 08:39:02,268 [Worker-54: Building] INFO  o.a.m.s.f.DefaultMavenResourcesFiltering - Copying 1 resource from src\main\resources to target\classes
2025-11-19 08:39:02,278 [Worker-54: Building] INFO  o.a.m.s.f.DefaultMavenResourcesFiltering - Copying 0 resource from src\main\resources to target\classes
2025-11-19 08:39:02,282 [Worker-54: Building] INFO  o.a.m.s.f.DefaultMavenResourcesFiltering - skip non existing resourceDirectory D:\Career Portal\Backend\CareerPT\src\test\resources
2025-11-19 08:42:09,320 [Worker-65: Building] INFO  o.a.m.s.f.DefaultMavenResourcesFiltering - Copying 1 resource from src\main\resources to target\classes
2025-11-19 08:42:09,334 [Worker-65: Building] INFO  o.a.m.s.f.DefaultMavenResourcesFiltering - Copying 0 resource from src\main\resources to target\classes
2025-11-19 08:42:09,338 [Worker-65: Building] INFO  o.a.m.s.f.DefaultMavenResourcesFiltering - skip non existing resourceDirectory D:\Career Portal\Backend\CareerPT\src\test\resources
2025-11-19 08:42:13,202 [Worker-65: Building] INFO  o.a.m.s.f.DefaultMavenResourcesFiltering - Copying 1 resource from src\main\resources to target\classes
2025-11-19 08:42:13,213 [Worker-65: Building] INFO  o.a.m.s.f.DefaultMavenResourcesFiltering - Copying 0 resource from src\main\resources to target\classes
2025-11-19 08:42:13,218 [Worker-65: Building] INFO  o.a.m.s.f.DefaultMavenResourcesFiltering - skip non existing resourceDirectory D:\Career Portal\Backend\CareerPT\src\test\resources
2025-11-19 08:42:18,487 [Worker-51: Building] INFO  o.a.m.s.f.DefaultMavenResourcesFiltering - Copying 1 resource from src\main\resources to target\classes
2025-11-19 08:42:18,499 [Worker-51: Building] INFO  o.a.m.s.f.DefaultMavenResourcesFiltering - Copying 0 resource from src\main\resources to target\classes
2025-11-19 08:42:18,506 [Worker-51: Building] INFO  o.a.m.s.f.DefaultMavenResourcesFiltering - skip non existing resourceDirectory D:\Career Portal\Backend\CareerPT\src\test\resources
2025-11-19 08:42:21,442 [Worker-51: Building] INFO  o.a.m.s.f.DefaultMavenResourcesFiltering - Copying 1 resource from src\main\resources to target\classes
2025-11-19 08:42:21,448 [Worker-51: Building] INFO  o.a.m.s.f.DefaultMavenResourcesFiltering - Copying 0 resource from src\main\resources to target\classes
2025-11-19 08:42:21,452 [Worker-51: Building] INFO  o.a.m.s.f.DefaultMavenResourcesFiltering - skip non existing resourceDirectory D:\Career Portal\Backend\CareerPT\src\test\resources
2025-11-19 08:42:23,635 [Worker-67: Building] INFO  o.a.m.s.f.DefaultMavenResourcesFiltering - Copying 1 resource from src\main\resources to target\classes
2025-11-19 08:42:23,643 [Worker-67: Building] INFO  o.a.m.s.f.DefaultMavenResourcesFiltering - Copying 0 resource from src\main\resources to target\classes
2025-11-19 08:42:23,647 [Worker-67: Building] INFO  o.a.m.s.f.DefaultMavenResourcesFiltering - skip non existing resourceDirectory D:\Career Portal\Backend\CareerPT\src\test\resources
2025-11-19 08:50:17,341 [Stop Help Server] INFO  org.eclipse.jetty.server.Server - Stopped oejs.Server@71aa5be2{STOPPING}[12.0.12,sto=0]
2025-11-19 08:50:17,351 [Stop Help Server] INFO  o.e.jetty.server.AbstractConnector - Stopped ServerConnector@6a92aa48{HTTP/1.1, (http/1.1)}{127.0.0.1:0}
2025-11-19 13:14:48,637 [Worker-4: Loading available Gradle versions] INFO  o.e.b.c.i.u.g.PublishedGradleVersions - Gradle version information cache is up-to-date. Trying to read.
2025-11-19 13:21:40,124 [Start Help Server] INFO  org.eclipse.jetty.server.Server - jetty-12.0.12; built: 2024-07-25T21:58:37.668Z; git: cc6f1b74db755fed228b50701ad967aeaa68e83f; jvm 21.0.4+7-LTS
2025-11-19 13:21:40,197 [Start Help Server] INFO  o.e.j.server.handler.ContextHandler - Started oeje8n.ContextHandler$CoreContextHandler@743a0bd8{/help,/help,b=null,a=AVAILABLE,h=oeje8n.ContextHandler$CoreContextHandler$CoreToNestedHandler@333260e3{STARTED}}
2025-11-19 13:21:40,198 [Start Help Server] INFO  o.e.j.s.DefaultSessionIdManager - Session workerName=node0
2025-11-19 13:21:40,248 [Start Help Server] INFO  o.e.jetty.server.AbstractConnector - Started ServerConnector@a54908e{HTTP/1.1, (http/1.1)}{127.0.0.1:64068}
2025-11-19 13:21:40,281 [Start Help Server] INFO  org.eclipse.jetty.server.Server - Started oejs.Server@5119582b{STARTING}[12.0.12,sto=0] @554659ms
2025-11-19 13:23:52,754 [Worker-2: Building] INFO  o.a.m.s.f.DefaultMavenResourcesFiltering - Copying 1 resource from src\main\resources to target\classes
2025-11-19 13:23:52,783 [Worker-2: Building] INFO  o.a.m.s.f.DefaultMavenResourcesFiltering - Copying 0 resource from src\main\resources to target\classes
2025-11-19 13:23:52,788 [Worker-2: Building] INFO  o.a.m.s.f.DefaultMavenResourcesFiltering - skip non existing resourceDirectory D:\Career Portal\Backend\CareerPT\src\test\resources
2025-11-19 13:24:52,165 [Worker-19: Building] INFO  o.a.m.s.f.DefaultMavenResourcesFiltering - Copying 1 resource from src\main\resources to target\classes
2025-11-19 13:24:52,174 [Worker-19: Building] INFO  o.a.m.s.f.DefaultMavenResourcesFiltering - Copying 0 resource from src\main\resources to target\classes
2025-11-19 13:24:52,180 [Worker-19: Building] INFO  o.a.m.s.f.DefaultMavenResourcesFiltering - skip non existing resourceDirectory D:\Career Portal\Backend\CareerPT\src\test\resources
2025-11-19 13:33:52,082 [Worker-22: Building] INFO  o.a.m.s.f.DefaultMavenResourcesFiltering - Copying 1 resource from src\main\resources to target\classes
2025-11-19 13:33:52,093 [Worker-22: Building] INFO  o.a.m.s.f.DefaultMavenResourcesFiltering - Copying 0 resource from src\main\resources to target\classes
2025-11-19 13:33:52,100 [Worker-22: Building] INFO  o.a.m.s.f.DefaultMavenResourcesFiltering - skip non existing resourceDirectory D:\Career Portal\Backend\CareerPT\src\test\resources
2025-11-19 13:33:54,301 [Worker-22: Building] INFO  o.a.m.s.f.DefaultMavenResourcesFiltering - Copying 1 resource from src\main\resources to target\classes
2025-11-19 13:33:54,311 [Worker-22: Building] INFO  o.a.m.s.f.DefaultMavenResourcesFiltering - Copying 0 resource from src\main\resources to target\classes
2025-11-19 13:33:54,315 [Worker-22: Building] INFO  o.a.m.s.f.DefaultMavenResourcesFiltering - skip non existing resourceDirectory D:\Career Portal\Backend\CareerPT\src\test\resources
2025-11-19 13:33:56,798 [Worker-23: Building] INFO  o.a.m.s.f.DefaultMavenResourcesFiltering - Copying 1 resource from src\main\resources to target\classes
2025-11-19 13:33:56,806 [Worker-23: Building] INFO  o.a.m.s.f.DefaultMavenResourcesFiltering - Copying 0 resource from src\main\resources to target\classes
2025-11-19 13:33:56,812 [Worker-23: Building] INFO  o.a.m.s.f.DefaultMavenResourcesFiltering - skip non existing resourceDirectory D:\Career Portal\Backend\CareerPT\src\test\resources
2025-11-19 13:39:28,886 [Worker-27: Building] INFO  o.a.m.s.f.DefaultMavenResourcesFiltering - Copying 1 resource from src\main\resources to target\classes
2025-11-19 13:39:28,898 [Worker-27: Building] INFO  o.a.m.s.f.DefaultMavenResourcesFiltering - Copying 0 resource from src\main\resources to target\classes
2025-11-19 13:39:28,906 [Worker-27: Building] INFO  o.a.m.s.f.DefaultMavenResourcesFiltering - skip non existing resourceDirectory D:\Career Portal\Backend\CareerPT\src\test\resources
2025-11-19 13:40:01,960 [Worker-28: Building] INFO  o.a.m.s.f.DefaultMavenResourcesFiltering - Copying 1 resource from src\main\resources to target\classes
2025-11-19 13:40:01,966 [Worker-28: Building] INFO  o.a.m.s.f.DefaultMavenResourcesFiltering - Copying 0 resource from src\main\resources to target\classes
2025-11-19 13:40:01,972 [Worker-28: Building] INFO  o.a.m.s.f.DefaultMavenResourcesFiltering - skip non existing resourceDirectory D:\Career Portal\Backend\CareerPT\src\test\resources
2025-11-19 13:44:44,952 [Worker-29: Building] INFO  o.a.m.s.f.DefaultMavenResourcesFiltering - Copying 1 resource from src\main\resources to target\classes
2025-11-19 13:44:44,961 [Worker-29: Building] INFO  o.a.m.s.f.DefaultMavenResourcesFiltering - Copying 0 resource from src\main\resources to target\classes
2025-11-19 13:44:44,969 [Worker-29: Building] INFO  o.a.m.s.f.DefaultMavenResourcesFiltering - skip non existing resourceDirectory D:\Career Portal\Backend\CareerPT\src\test\resources
2025-11-19 13:44:47,129 [Worker-29: Building] INFO  o.a.m.s.f.DefaultMavenResourcesFiltering - Copying 1 resource from src\main\resources to target\classes
2025-11-19 13:44:47,136 [Worker-29: Building] INFO  o.a.m.s.f.DefaultMavenResourcesFiltering - Copying 0 resource from src\main\resources to target\classes
2025-11-19 13:44:47,140 [Worker-29: Building] INFO  o.a.m.s.f.DefaultMavenResourcesFiltering - skip non existing resourceDirectory D:\Career Portal\Backend\CareerPT\src\test\resources
2025-11-19 13:44:54,774 [Worker-29: Building] INFO  o.a.m.s.f.DefaultMavenResourcesFiltering - Copying 1 resource from src\main\resources to target\classes
2025-11-19 13:44:54,780 [Worker-29: Building] INFO  o.a.m.s.f.DefaultMavenResourcesFiltering - Copying 0 resource from src\main\resources to target\classes
2025-11-19 13:44:54,785 [Worker-29: Building] INFO  o.a.m.s.f.DefaultMavenResourcesFiltering - skip non existing resourceDirectory D:\Career Portal\Backend\CareerPT\src\test\resources
2025-11-19 13:46:15,311 [Worker-32: Building] INFO  o.a.m.s.f.DefaultMavenResourcesFiltering - Copying 1 resource from src\main\resources to target\classes
2025-11-19 13:46:15,348 [Worker-32: Building] INFO  o.a.m.s.f.DefaultMavenResourcesFiltering - Copying 0 resource from src\main\resources to target\classes
2025-11-19 13:46:15,359 [Worker-32: Building] INFO  o.a.m.s.f.DefaultMavenResourcesFiltering - skip non existing resourceDirectory D:\Career Portal\Backend\CareerPT\src\test\resources
2025-11-19 13:46:27,265 [Worker-31: Building] INFO  o.a.m.s.f.DefaultMavenResourcesFiltering - Copying 1 resource from src\main\resources to target\classes
2025-11-19 13:46:27,273 [Worker-31: Building] INFO  o.a.m.s.f.DefaultMavenResourcesFiltering - Copying 0 resource from src\main\resources to target\classes
2025-11-19 13:46:27,277 [Worker-31: Building] INFO  o.a.m.s.f.DefaultMavenResourcesFiltering - skip non existing resourceDirectory D:\Career Portal\Backend\CareerPT\src\test\resources
2025-11-19 13:46:37,708 [Worker-28: Building] INFO  o.a.m.s.f.DefaultMavenResourcesFiltering - Copying 1 resource from src\main\resources to target\classes
2025-11-19 13:46:37,715 [Worker-28: Building] INFO  o.a.m.s.f.DefaultMavenResourcesFiltering - Copying 0 resource from src\main\resources to target\classes
2025-11-19 13:46:37,720 [Worker-28: Building] INFO  o.a.m.s.f.DefaultMavenResourcesFiltering - skip non existing resourceDirectory D:\Career Portal\Backend\CareerPT\src\test\resources
2025-11-19 13:47:16,240 [Worker-29: Building] INFO  o.a.m.s.f.DefaultMavenResourcesFiltering - Copying 1 resource from src\main\resources to target\classes
2025-11-19 13:47:16,247 [Worker-29: Building] INFO  o.a.m.s.f.DefaultMavenResourcesFiltering - Copying 0 resource from src\main\resources to target\classes
2025-11-19 13:47:16,251 [Worker-29: Building] INFO  o.a.m.s.f.DefaultMavenResourcesFiltering - skip non existing resourceDirectory D:\Career Portal\Backend\CareerPT\src\test\resources
2025-11-19 13:48:25,183 [Worker-33: Building] INFO  o.a.m.s.f.DefaultMavenResourcesFiltering - Copying 1 resource from src\main\resources to target\classes
2025-11-19 13:48:25,191 [Worker-33: Building] INFO  o.a.m.s.f.DefaultMavenResourcesFiltering - Copying 0 resource from src\main\resources to target\classes
2025-11-19 13:48:25,196 [Worker-33: Building] INFO  o.a.m.s.f.DefaultMavenResourcesFiltering - skip non existing resourceDirectory D:\Career Portal\Backend\CareerPT\src\test\resources
2025-11-19 13:51:18,472 [Worker-28: Building] INFO  o.a.m.s.f.DefaultMavenResourcesFiltering - Copying 1 resource from src\main\resources to target\classes
2025-11-19 13:51:18,498 [Worker-28: Building] INFO  o.a.m.s.f.DefaultMavenResourcesFiltering - Copying 0 resource from src\main\resources to target\classes
2025-11-19 13:51:18,502 [Worker-28: Building] INFO  o.a.m.s.f.DefaultMavenResourcesFiltering - skip non existing resourceDirectory D:\Career Portal\Backend\CareerPT\src\test\resources
2025-11-19 13:52:11,761 [Worker-34: Building] INFO  o.a.m.s.f.DefaultMavenResourcesFiltering - Copying 1 resource from src\main\resources to target\classes
2025-11-19 13:52:11,798 [Worker-34: Building] INFO  o.a.m.s.f.DefaultMavenResourcesFiltering - Copying 0 resource from src\main\resources to target\classes
2025-11-19 13:52:11,803 [Worker-34: Building] INFO  o.a.m.s.f.DefaultMavenResourcesFiltering - skip non existing resourceDirectory D:\Career Portal\Backend\CareerPT\src\test\resources
2025-11-19 13:53:02,963 [Worker-30: Building] INFO  o.a.m.s.f.DefaultMavenResourcesFiltering - Copying 1 resource from src\main\resources to target\classes
2025-11-19 13:53:02,979 [Worker-30: Building] INFO  o.a.m.s.f.DefaultMavenResourcesFiltering - Copying 0 resource from src\main\resources to target\classes
2025-11-19 13:53:02,984 [Worker-30: Building] INFO  o.a.m.s.f.DefaultMavenResourcesFiltering - skip non existing resourceDirectory D:\Career Portal\Backend\CareerPT\src\test\resources
2025-11-19 13:54:56,513 [Worker-32: Building] INFO  o.a.m.s.f.DefaultMavenResourcesFiltering - Copying 1 resource from src\main\resources to target\classes
2025-11-19 13:54:56,518 [Worker-32: Building] INFO  o.a.m.s.f.DefaultMavenResourcesFiltering - Copying 0 resource from src\main\resources to target\classes
2025-11-19 13:54:56,522 [Worker-32: Building] INFO  o.a.m.s.f.DefaultMavenResourcesFiltering - skip non existing resourceDirectory D:\Career Portal\Backend\CareerPT\src\test\resources
2025-11-19 13:56:31,552 [Worker-28: Building] INFO  o.a.m.s.f.DefaultMavenResourcesFiltering - Copying 1 resource from src\main\resources to target\classes
2025-11-19 13:56:31,560 [Worker-28: Building] INFO  o.a.m.s.f.DefaultMavenResourcesFiltering - Copying 0 resource from src\main\resources to target\classes
2025-11-19 13:56:31,565 [Worker-28: Building] INFO  o.a.m.s.f.DefaultMavenResourcesFiltering - skip non existing resourceDirectory D:\Career Portal\Backend\CareerPT\src\test\resources
2025-11-19 13:58:06,246 [Worker-40: Building] INFO  o.a.m.s.f.DefaultMavenResourcesFiltering - Copying 1 resource from src\main\resources to target\classes
2025-11-19 13:58:06,280 [Worker-40: Building] INFO  o.a.m.s.f.DefaultMavenResourcesFiltering - Copying 1 resource from src\main\resources to target\classes
2025-11-19 13:58:06,290 [Worker-40: Building] INFO  o.a.m.s.f.DefaultMavenResourcesFiltering - Copying 0 resource from src\test\resources to target\test-classes
2025-11-19 13:58:06,772 [Worker-40: Building] INFO  o.a.m.s.f.DefaultMavenResourcesFiltering - Copying 1 resource from src\main\resources to target\classes
2025-11-19 13:58:06,781 [Worker-40: Building] INFO  o.a.m.s.f.DefaultMavenResourcesFiltering - Copying 0 resource from src\main\resources to target\classes
2025-11-19 13:58:06,785 [Worker-40: Building] INFO  o.a.m.s.f.DefaultMavenResourcesFiltering - skip non existing resourceDirectory D:\Career Portal\Backend\CareerPT\src\test\resources
2025-11-19 13:59:44,512 [Stop Help Server] INFO  org.eclipse.jetty.server.Server - Stopped oejs.Server@5119582b{STOPPING}[12.0.12,sto=0]
2025-11-19 13:59:44,518 [Stop Help Server] INFO  o.e.jetty.server.AbstractConnector - Stopped ServerConnector@a54908e{HTTP/1.1, (http/1.1)}{127.0.0.1:0}
2025-11-19 14:01:07,573 [Worker-4: Loading available Gradle versions] INFO  o.e.b.c.i.u.g.PublishedGradleVersions - Gradle version information cache is up-to-date. Trying to read.
2025-11-19 14:03:49,491 [Worker-5: Building] INFO  o.a.m.s.f.DefaultMavenResourcesFiltering - Copying 1 resource from src\main\resources to target\classes
2025-11-19 14:03:49,511 [Worker-5: Building] INFO  o.a.m.s.f.DefaultMavenResourcesFiltering - Copying 0 resource from src\main\resources to target\classes
2025-11-19 14:03:49,518 [Worker-5: Building] INFO  o.a.m.s.f.DefaultMavenResourcesFiltering - skip non existing resourceDirectory D:\Career Portal\Backend\CareerPT\src\test\resources
2025-11-19 14:03:51,265 [Start Help Server] INFO  org.eclipse.jetty.server.Server - jetty-12.0.12; built: 2024-07-25T21:58:37.668Z; git: cc6f1b74db755fed228b50701ad967aeaa68e83f; jvm 21.0.4+7-LTS
2025-11-19 14:03:51,304 [Start Help Server] INFO  o.e.j.server.handler.ContextHandler - Started oeje8n.ContextHandler$CoreContextHandler@6fa99d55{/help,/help,b=null,a=AVAILABLE,h=oeje8n.ContextHandler$CoreContextHandler$CoreToNestedHandler@9813f48{STARTED}}
2025-11-19 14:03:51,304 [Start Help Server] INFO  o.e.j.s.DefaultSessionIdManager - Session workerName=node0
2025-11-19 14:03:51,330 [Start Help Server] INFO  o.e.jetty.server.AbstractConnector - Started ServerConnector@6228327c{HTTP/1.1, (http/1.1)}{127.0.0.1:52158}
2025-11-19 14:03:51,345 [Start Help Server] INFO  org.eclipse.jetty.server.Server - Started oejs.Server@2d118db8{STARTING}[12.0.12,sto=0] @229309ms
2025-11-19 14:15:38,447 [Worker-17: Building] INFO  o.a.m.s.f.DefaultMavenResourcesFiltering - Copying 1 resource from src\main\resources to target\classes
2025-11-19 14:15:38,453 [Worker-17: Building] INFO  o.a.m.s.f.DefaultMavenResourcesFiltering - Copying 0 resource from src\main\resources to target\classes
2025-11-19 14:15:38,455 [Worker-17: Building] INFO  o.a.m.s.f.DefaultMavenResourcesFiltering - skip non existing resourceDirectory D:\Career Portal\Backend\CareerPT\src\test\resources
2025-11-19 14:16:11,398 [Worker-16: Building] INFO  o.a.m.s.f.DefaultMavenResourcesFiltering - Copying 1 resource from src\main\resources to target\classes
2025-11-19 14:16:11,401 [Worker-16: Building] INFO  o.a.m.s.f.DefaultMavenResourcesFiltering - Copying 0 resource from src\main\resources to target\classes
2025-11-19 14:16:11,403 [Worker-16: Building] INFO  o.a.m.s.f.DefaultMavenResourcesFiltering - skip non existing resourceDirectory D:\Career Portal\Backend\CareerPT\src\test\resources
2025-11-19 14:23:54,868 [Worker-16: Building] INFO  o.a.m.s.f.DefaultMavenResourcesFiltering - Copying 1 resource from src\main\resources to target\classes
2025-11-19 14:23:54,875 [Worker-16: Building] INFO  o.a.m.s.f.DefaultMavenResourcesFiltering - Copying 0 resource from src\main\resources to target\classes
2025-11-19 14:23:54,878 [Worker-16: Building] INFO  o.a.m.s.f.DefaultMavenResourcesFiltering - skip non existing resourceDirectory D:\Career Portal\Backend\CareerPT\src\test\resources
2025-11-19 14:24:38,778 [Worker-13: Building] INFO  o.a.m.s.f.DefaultMavenResourcesFiltering - Copying 1 resource from src\main\resources to target\classes
2025-11-19 14:24:38,781 [Worker-13: Building] INFO  o.a.m.s.f.DefaultMavenResourcesFiltering - Copying 0 resource from src\main\resources to target\classes
2025-11-19 14:24:38,783 [Worker-13: Building] INFO  o.a.m.s.f.DefaultMavenResourcesFiltering - skip non existing resourceDirectory D:\Career Portal\Backend\CareerPT\src\test\resources
2025-11-19 14:28:17,694 [Worker-24: Building] INFO  o.a.m.s.f.DefaultMavenResourcesFiltering - Copying 1 resource from src\main\resources to target\classes
2025-11-19 14:28:17,698 [Worker-24: Building] INFO  o.a.m.s.f.DefaultMavenResourcesFiltering - Copying 0 resource from src\main\resources to target\classes
2025-11-19 14:28:17,700 [Worker-24: Building] INFO  o.a.m.s.f.DefaultMavenResourcesFiltering - skip non existing resourceDirectory D:\Career Portal\Backend\CareerPT\src\test\resources
2025-11-19 14:34:33,483 [Worker-30: Building] INFO  o.a.m.s.f.DefaultMavenResourcesFiltering - Copying 1 resource from src\main\resources to target\classes
2025-11-19 14:34:33,492 [Worker-30: Building] INFO  o.a.m.s.f.DefaultMavenResourcesFiltering - Copying 0 resource from src\main\resources to target\classes
2025-11-19 14:34:33,497 [Worker-30: Building] INFO  o.a.m.s.f.DefaultMavenResourcesFiltering - skip non existing resourceDirectory D:\Career Portal\Backend\CareerPT\src\test\resources
2025-11-19 14:47:08,997 [Worker-32: Building] INFO  o.a.m.s.f.DefaultMavenResourcesFiltering - Copying 1 resource from src\main\resources to target\classes
2025-11-19 14:47:09,041 [Worker-32: Building] INFO  o.a.m.s.f.DefaultMavenResourcesFiltering - Copying 0 resource from src\main\resources to target\classes
2025-11-19 14:47:09,044 [Worker-32: Building] INFO  o.a.m.s.f.DefaultMavenResourcesFiltering - skip non existing resourceDirectory D:\Career Portal\Backend\CareerPT\src\test\resources
2025-11-19 18:21:37,475 [Worker-44: Building] INFO  o.e.m.c.i.l.LifecycleMappingFactory - Using org.eclipse.m2e.jdt.JarLifecycleMapping lifecycle mapping for MavenProject: com.example:CareerPT:0.0.1-SNAPSHOT @ D:\Career Portal\Backend\CareerPT\pom.xml.
2025-11-19 18:21:39,487 [Worker-44: Building] INFO  o.a.m.s.f.DefaultMavenResourcesFiltering - Copying 0 resource from src\main\resources to target\classes
2025-11-19 18:21:39,488 [Worker-44: Building] INFO  o.a.m.s.f.DefaultMavenResourcesFiltering - Copying 0 resource from src\main\resources to target\classes
2025-11-19 18:21:39,494 [Worker-44: Building] INFO  o.a.m.s.f.DefaultMavenResourcesFiltering - skip non existing resourceDirectory D:\Career Portal\Backend\CareerPT\src\test\resources
2025-11-19 18:21:41,006 [Worker-46: Building] INFO  o.a.m.s.f.DefaultMavenResourcesFiltering - Copying 1 resource from src\main\resources to target\classes
2025-11-19 18:21:41,031 [Worker-46: Building] INFO  o.a.m.s.f.DefaultMavenResourcesFiltering - Copying 0 resource from src\main\resources to target\classes
2025-11-19 18:21:41,035 [Worker-46: Building] INFO  o.a.m.s.f.DefaultMavenResourcesFiltering - skip non existing resourceDirectory D:\Career Portal\Backend\CareerPT\src\test\resources
2025-11-19 18:27:53,410 [Worker-48: Building] INFO  o.a.m.s.f.DefaultMavenResourcesFiltering - Copying 1 resource from src\main\resources to target\classes
2025-11-19 18:27:53,429 [Worker-48: Building] INFO  o.a.m.s.f.DefaultMavenResourcesFiltering - Copying 0 resource from src\main\resources to target\classes
2025-11-19 18:27:53,434 [Worker-48: Building] INFO  o.a.m.s.f.DefaultMavenResourcesFiltering - skip non existing resourceDirectory D:\Career Portal\Backend\CareerPT\src\test\resources
2025-11-19 18:30:20,529 [Worker-55: Building] INFO  o.a.m.s.f.DefaultMavenResourcesFiltering - Copying 1 resource from src\main\resources to target\classes
2025-11-19 18:30:20,538 [Worker-55: Building] INFO  o.a.m.s.f.DefaultMavenResourcesFiltering - Copying 0 resource from src\main\resources to target\classes
2025-11-19 18:30:20,542 [Worker-55: Building] INFO  o.a.m.s.f.DefaultMavenResourcesFiltering - skip non existing resourceDirectory D:\Career Portal\Backend\CareerPT\src\test\resources
2025-11-19 18:31:07,065 [Worker-54: Building] INFO  o.a.m.s.f.DefaultMavenResourcesFiltering - Copying 1 resource from src\main\resources to target\classes
2025-11-19 18:31:07,073 [Worker-54: Building] INFO  o.a.m.s.f.DefaultMavenResourcesFiltering - Copying 0 resource from src\main\resources to target\classes
2025-11-19 18:31:07,077 [Worker-54: Building] INFO  o.a.m.s.f.DefaultMavenResourcesFiltering - skip non existing resourceDirectory D:\Career Portal\Backend\CareerPT\src\test\resources
2025-11-19 18:31:14,704 [Worker-55: Building] INFO  o.a.m.s.f.DefaultMavenResourcesFiltering - Copying 1 resource from src\main\resources to target\classes
2025-11-19 18:31:14,712 [Worker-55: Building] INFO  o.a.m.s.f.DefaultMavenResourcesFiltering - Copying 0 resource from src\main\resources to target\classes
2025-11-19 18:31:14,717 [Worker-55: Building] INFO  o.a.m.s.f.DefaultMavenResourcesFiltering - skip non existing resourceDirectory D:\Career Portal\Backend\CareerPT\src\test\resources
2025-11-19 18:36:09,439 [Worker-58: Building] INFO  o.a.m.s.f.DefaultMavenResourcesFiltering - Copying 1 resource from src\main\resources to target\classes
2025-11-19 18:36:09,451 [Worker-58: Building] INFO  o.a.m.s.f.DefaultMavenResourcesFiltering - Copying 0 resource from src\main\resources to target\classes
2025-11-19 18:36:09,457 [Worker-58: Building] INFO  o.a.m.s.f.DefaultMavenResourcesFiltering - skip non existing resourceDirectory D:\Career Portal\Backend\CareerPT\src\test\resources
2025-11-19 18:39:09,521 [Worker-54: Building] INFO  o.a.m.s.f.DefaultMavenResourcesFiltering - Copying 1 resource from src\main\resources to target\classes
2025-11-19 18:39:09,532 [Worker-54: Building] INFO  o.a.m.s.f.DefaultMavenResourcesFiltering - Copying 0 resource from src\main\resources to target\classes
2025-11-19 18:39:09,536 [Worker-54: Building] INFO  o.a.m.s.f.DefaultMavenResourcesFiltering - skip non existing resourceDirectory D:\Career Portal\Backend\CareerPT\src\test\resources
2025-11-19 18:42:52,631 [Worker-54: Building] INFO  o.a.m.s.f.DefaultMavenResourcesFiltering - Copying 1 resource from src\main\resources to target\classes
2025-11-19 18:42:52,695 [Worker-54: Building] INFO  o.a.m.s.f.DefaultMavenResourcesFiltering - Copying 0 resource from src\main\resources to target\classes
2025-11-19 18:42:52,701 [Worker-54: Building] INFO  o.a.m.s.f.DefaultMavenResourcesFiltering - skip non existing resourceDirectory D:\Career Portal\Backend\CareerPT\src\test\resources
2025-11-19 18:43:26,685 [Worker-62: Building] INFO  o.a.m.s.f.DefaultMavenResourcesFiltering - Copying 1 resource from src\main\resources to target\classes
2025-11-19 18:43:26,750 [Worker-62: Building] INFO  o.a.m.s.f.DefaultMavenResourcesFiltering - Copying 0 resource from src\main\resources to target\classes
2025-11-19 18:43:26,755 [Worker-62: Building] INFO  o.a.m.s.f.DefaultMavenResourcesFiltering - skip non existing resourceDirectory D:\Career Portal\Backend\CareerPT\src\test\resources
2025-11-19 18:45:32,233 [Worker-63: Building] INFO  o.a.m.s.f.DefaultMavenResourcesFiltering - Copying 1 resource from src\main\resources to target\classes
2025-11-19 18:45:32,255 [Worker-63: Building] INFO  o.a.m.s.f.DefaultMavenResourcesFiltering - Copying 0 resource from src\main\resources to target\classes
2025-11-19 18:45:32,262 [Worker-63: Building] INFO  o.a.m.s.f.DefaultMavenResourcesFiltering - skip non existing resourceDirectory D:\Career Portal\Backend\CareerPT\src\test\resources
2025-11-19 18:48:43,996 [Worker-64: Building] INFO  o.a.m.s.f.DefaultMavenResourcesFiltering - Copying 1 resource from src\main\resources to target\classes
2025-11-19 18:48:44,029 [Worker-64: Building] INFO  o.a.m.s.f.DefaultMavenResourcesFiltering - Copying 0 resource from src\main\resources to target\classes
2025-11-19 18:48:44,035 [Worker-64: Building] INFO  o.a.m.s.f.DefaultMavenResourcesFiltering - skip non existing resourceDirectory D:\Career Portal\Backend\CareerPT\src\test\resources
2025-11-19 19:00:40,439 [Worker-73: Building] INFO  o.a.m.s.f.DefaultMavenResourcesFiltering - Copying 1 resource from src\main\resources to target\classes
2025-11-19 19:00:40,494 [Worker-73: Building] INFO  o.a.m.s.f.DefaultMavenResourcesFiltering - Copying 0 resource from src\main\resources to target\classes
2025-11-19 19:00:40,501 [Worker-73: Building] INFO  o.a.m.s.f.DefaultMavenResourcesFiltering - skip non existing resourceDirectory D:\Career Portal\Backend\CareerPT\src\test\resources
2025-11-19 19:03:03,595 [Worker-76: Building] INFO  o.a.m.s.f.DefaultMavenResourcesFiltering - Copying 1 resource from src\main\resources to target\classes
2025-11-19 19:03:03,603 [Worker-76: Building] INFO  o.a.m.s.f.DefaultMavenResourcesFiltering - Copying 0 resource from src\main\resources to target\classes
2025-11-19 19:03:03,608 [Worker-76: Building] INFO  o.a.m.s.f.DefaultMavenResourcesFiltering - skip non existing resourceDirectory D:\Career Portal\Backend\CareerPT\src\test\resources
2025-11-19 19:10:25,679 [Worker-76: Building] INFO  o.a.m.s.f.DefaultMavenResourcesFiltering - Copying 1 resource from src\main\resources to target\classes
2025-11-19 19:10:25,727 [Worker-76: Building] INFO  o.a.m.s.f.DefaultMavenResourcesFiltering - Copying 0 resource from src\main\resources to target\classes
2025-11-19 19:10:25,730 [Worker-76: Building] INFO  o.a.m.s.f.DefaultMavenResourcesFiltering - skip non existing resourceDirectory D:\Career Portal\Backend\CareerPT\src\test\resources
2025-11-19 19:12:42,889 [Worker-78: Building] INFO  o.a.m.s.f.DefaultMavenResourcesFiltering - Copying 1 resource from src\main\resources to target\classes
2025-11-19 19:12:42,903 [Worker-78: Building] INFO  o.a.m.s.f.DefaultMavenResourcesFiltering - Copying 0 resource from src\main\resources to target\classes
2025-11-19 19:12:42,905 [Worker-78: Building] INFO  o.a.m.s.f.DefaultMavenResourcesFiltering - skip non existing resourceDirectory D:\Career Portal\Backend\CareerPT\src\test\resources
2025-11-19 19:14:31,891 [Worker-79: Building] INFO  o.a.m.s.f.DefaultMavenResourcesFiltering - Copying 1 resource from src\main\resources to target\classes
2025-11-19 19:14:31,957 [Worker-79: Building] INFO  o.a.m.s.f.DefaultMavenResourcesFiltering - Copying 0 resource from src\main\resources to target\classes
2025-11-19 19:14:31,961 [Worker-79: Building] INFO  o.a.m.s.f.DefaultMavenResourcesFiltering - skip non existing resourceDirectory D:\Career Portal\Backend\CareerPT\src\test\resources
2025-11-19 19:28:56,761 [Worker-85: Building] INFO  o.a.m.s.f.DefaultMavenResourcesFiltering - Copying 1 resource from src\main\resources to target\classes
2025-11-19 19:28:56,775 [Worker-85: Building] INFO  o.a.m.s.f.DefaultMavenResourcesFiltering - Copying 0 resource from src\main\resources to target\classes
2025-11-19 19:28:56,778 [Worker-85: Building] INFO  o.a.m.s.f.DefaultMavenResourcesFiltering - skip non existing resourceDirectory D:\Career Portal\Backend\CareerPT\src\test\resources
2025-11-19 19:57:34,979 [Worker-92: Building] INFO  o.a.m.s.f.DefaultMavenResourcesFiltering - Copying 1 resource from src\main\resources to target\classes
2025-11-19 19:57:35,014 [Worker-92: Building] INFO  o.a.m.s.f.DefaultMavenResourcesFiltering - Copying 0 resource from src\main\resources to target\classes
2025-11-19 19:57:35,023 [Worker-92: Building] INFO  o.a.m.s.f.DefaultMavenResourcesFiltering - skip non existing resourceDirectory D:\Career Portal\Backend\CareerPT\src\test\resources
2025-11-19 20:01:16,565 [Worker-97: Building] INFO  o.a.m.s.f.DefaultMavenResourcesFiltering - Copying 1 resource from src\main\resources to target\classes
2025-11-19 20:01:16,588 [Worker-97: Building] INFO  o.a.m.s.f.DefaultMavenResourcesFiltering - Copying 0 resource from src\main\resources to target\classes
2025-11-19 20:01:16,596 [Worker-97: Building] INFO  o.a.m.s.f.DefaultMavenResourcesFiltering - skip non existing resourceDirectory D:\Career Portal\Backend\CareerPT\src\test\resources
2025-11-19 20:08:23,291 [Worker-96: Building] INFO  o.a.m.s.f.DefaultMavenResourcesFiltering - Copying 1 resource from src\main\resources to target\classes
2025-11-19 20:08:23,350 [Worker-96: Building] INFO  o.a.m.s.f.DefaultMavenResourcesFiltering - Copying 0 resource from src\main\resources to target\classes
2025-11-19 20:08:23,355 [Worker-96: Building] INFO  o.a.m.s.f.DefaultMavenResourcesFiltering - skip non existing resourceDirectory D:\Career Portal\Backend\CareerPT\src\test\resources
2025-11-19 20:09:17,695 [Worker-96: Building] INFO  o.a.m.s.f.DefaultMavenResourcesFiltering - Copying 1 resource from src\main\resources to target\classes
2025-11-19 20:09:17,711 [Worker-96: Building] INFO  o.a.m.s.f.DefaultMavenResourcesFiltering - Copying 0 resource from src\main\resources to target\classes
2025-11-19 20:09:17,717 [Worker-96: Building] INFO  o.a.m.s.f.DefaultMavenResourcesFiltering - skip non existing resourceDirectory D:\Career Portal\Backend\CareerPT\src\test\resources
2025-11-19 20:10:37,289 [Stop Help Server] INFO  org.eclipse.jetty.server.Server - Stopped oejs.Server@2d118db8{STOPPING}[12.0.12,sto=0]
2025-11-19 20:10:37,325 [Stop Help Server] INFO  o.e.jetty.server.AbstractConnector - Stopped ServerConnector@6228327c{HTTP/1.1, (http/1.1)}{127.0.0.1:0}
2025-11-20 10:49:58,598 [Worker-6: Loading available Gradle versions] INFO  o.e.b.c.i.u.g.PublishedGradleVersions - Gradle version information cache is out-of-date. Trying to update.
2025-11-20 10:49:59,547 [Worker-6: Loading available Gradle versions] INFO  o.e.b.c.i.u.g.PublishedGradleVersions - Updating Gradle version information cache failed. Using outdated cache.
2025-11-20 11:15:06,945 [Worker-9: Building] INFO  o.a.m.s.f.DefaultMavenResourcesFiltering - Copying 1 resource from src\main\resources to target\classes
2025-11-20 11:15:06,974 [Worker-9: Building] INFO  o.a.m.s.f.DefaultMavenResourcesFiltering - Copying 0 resource from src\main\resources to target\classes
2025-11-20 11:15:06,980 [Worker-9: Building] INFO  o.a.m.s.f.DefaultMavenResourcesFiltering - skip non existing resourceDirectory D:\Career Portal\Backend\CareerPT\src\test\resources
2025-11-20 11:21:59,877 [Worker-15: Building] INFO  o.a.m.s.f.DefaultMavenResourcesFiltering - Copying 1 resource from src\main\resources to target\classes
2025-11-20 11:21:59,883 [Worker-15: Building] INFO  o.a.m.s.f.DefaultMavenResourcesFiltering - Copying 0 resource from src\main\resources to target\classes
2025-11-20 11:21:59,888 [Worker-15: Building] INFO  o.a.m.s.f.DefaultMavenResourcesFiltering - skip non existing resourceDirectory D:\Career Portal\Backend\CareerPT\src\test\resources
2025-11-20 11:23:36,529 [Worker-19: Building] INFO  o.a.m.s.f.DefaultMavenResourcesFiltering - Copying 1 resource from src\main\resources to target\classes
2025-11-20 11:23:36,549 [Worker-19: Building] INFO  o.a.m.s.f.DefaultMavenResourcesFiltering - Copying 0 resource from src\main\resources to target\classes
2025-11-20 11:23:36,553 [Worker-19: Building] INFO  o.a.m.s.f.DefaultMavenResourcesFiltering - skip non existing resourceDirectory D:\Career Portal\Backend\CareerPT\src\test\resources
2025-11-20 11:25:28,179 [Worker-18: Building] INFO  o.a.m.s.f.DefaultMavenResourcesFiltering - Copying 1 resource from src\main\resources to target\classes
2025-11-20 11:25:28,188 [Worker-18: Building] INFO  o.a.m.s.f.DefaultMavenResourcesFiltering - Copying 0 resource from src\main\resources to target\classes
2025-11-20 11:25:28,193 [Worker-18: Building] INFO  o.a.m.s.f.DefaultMavenResourcesFiltering - skip non existing resourceDirectory D:\Career Portal\Backend\CareerPT\src\test\resources
2025-11-20 11:38:32,222 [Worker-24: Building] INFO  o.a.m.s.f.DefaultMavenResourcesFiltering - Copying 1 resource from src\main\resources to target\classes
2025-11-20 11:38:32,238 [Worker-24: Building] INFO  o.a.m.s.f.DefaultMavenResourcesFiltering - Copying 0 resource from src\main\resources to target\classes
2025-11-20 11:38:32,246 [Worker-24: Building] INFO  o.a.m.s.f.DefaultMavenResourcesFiltering - skip non existing resourceDirectory D:\Career Portal\Backend\CareerPT\src\test\resources
2025-11-20 12:25:28,831 [Start Help Server] INFO  org.eclipse.jetty.server.Server - jetty-12.0.12; built: 2024-07-25T21:58:37.668Z; git: cc6f1b74db755fed228b50701ad967aeaa68e83f; jvm 21.0.4+7-LTS
2025-11-20 12:25:28,945 [Start Help Server] INFO  o.e.j.server.handler.ContextHandler - Started oeje8n.ContextHandler$CoreContextHandler@42b0970a{/help,/help,b=null,a=AVAILABLE,h=oeje8n.ContextHandler$CoreContextHandler$CoreToNestedHandler@3696d358{STARTED}}
2025-11-20 12:25:28,948 [Start Help Server] INFO  o.e.j.s.DefaultSessionIdManager - Session workerName=node0
2025-11-20 12:25:29,019 [Start Help Server] INFO  o.e.jetty.server.AbstractConnector - Started ServerConnector@62fab986{HTTP/1.1, (http/1.1)}{127.0.0.1:64615}
2025-11-20 12:25:29,055 [Start Help Server] INFO  org.eclipse.jetty.server.Server - Started oejs.Server@578ecda5{STARTING}[12.0.12,sto=0] @5771237ms
2025-11-20 12:26:34,825 [Worker-28: Building] INFO  o.a.m.s.f.DefaultMavenResourcesFiltering - Copying 1 resource from src\main\resources to target\classes
2025-11-20 12:26:34,836 [Worker-28: Building] INFO  o.a.m.s.f.DefaultMavenResourcesFiltering - Copying 0 resource from src\main\resources to target\classes
2025-11-20 12:26:34,842 [Worker-28: Building] INFO  o.a.m.s.f.DefaultMavenResourcesFiltering - skip non existing resourceDirectory D:\Career Portal\Backend\CareerPT\src\test\resources
2025-11-20 12:28:02,288 [Worker-29: Building] INFO  o.a.m.s.f.DefaultMavenResourcesFiltering - Copying 1 resource from src\main\resources to target\classes
2025-11-20 12:28:02,298 [Worker-29: Building] INFO  o.a.m.s.f.DefaultMavenResourcesFiltering - Copying 0 resource from src\main\resources to target\classes
2025-11-20 12:28:02,306 [Worker-29: Building] INFO  o.a.m.s.f.DefaultMavenResourcesFiltering - skip non existing resourceDirectory D:\Career Portal\Backend\CareerPT\src\test\resources
2025-11-20 12:31:02,200 [Worker-22: Building] INFO  o.a.m.s.f.DefaultMavenResourcesFiltering - Copying 1 resource from src\main\resources to target\classes
2025-11-20 12:31:02,211 [Worker-22: Building] INFO  o.a.m.s.f.DefaultMavenResourcesFiltering - Copying 0 resource from src\main\resources to target\classes
2025-11-20 12:31:02,218 [Worker-22: Building] INFO  o.a.m.s.f.DefaultMavenResourcesFiltering - skip non existing resourceDirectory D:\Career Portal\Backend\CareerPT\src\test\resources
2025-11-20 12:33:09,647 [Worker-22: Building] INFO  o.a.m.s.f.DefaultMavenResourcesFiltering - Copying 1 resource from src\main\resources to target\classes
2025-11-20 12:33:09,658 [Worker-22: Building] INFO  o.a.m.s.f.DefaultMavenResourcesFiltering - Copying 0 resource from src\main\resources to target\classes
2025-11-20 12:33:09,695 [Worker-22: Building] INFO  o.a.m.s.f.DefaultMavenResourcesFiltering - skip non existing resourceDirectory D:\Career Portal\Backend\CareerPT\src\test\resources
2025-11-20 13:08:10,940 [Stop Help Server] INFO  org.eclipse.jetty.server.Server - Stopped oejs.Server@578ecda5{STOPPING}[12.0.12,sto=0]
2025-11-20 13:08:10,968 [Stop Help Server] INFO  o.e.jetty.server.AbstractConnector - Stopped ServerConnector@62fab986{HTTP/1.1, (http/1.1)}{127.0.0.1:0}
2025-11-20 14:21:16,730 [Worker-6: Loading available Gradle versions] INFO  o.e.b.c.i.u.g.PublishedGradleVersions - Gradle version information cache is out-of-date. Trying to update.
2025-11-20 14:27:49,616 [Worker-18: Building] INFO  o.a.m.s.f.DefaultMavenResourcesFiltering - Copying 1 resource from src\main\resources to target\classes
2025-11-20 14:27:49,640 [Worker-18: Building] INFO  o.a.m.s.f.DefaultMavenResourcesFiltering - Copying 0 resource from src\main\resources to target\classes
2025-11-20 14:27:49,648 [Worker-18: Building] INFO  o.a.m.s.f.DefaultMavenResourcesFiltering - skip non existing resourceDirectory D:\Career Portal\Backend\CareerPT\src\test\resources
2025-11-20 14:41:37,659 [Worker-19: Building] INFO  o.a.m.s.f.DefaultMavenResourcesFiltering - Copying 1 resource from src\main\resources to target\classes
2025-11-20 14:41:37,678 [Worker-19: Building] INFO  o.a.m.s.f.DefaultMavenResourcesFiltering - Copying 0 resource from src\main\resources to target\classes
2025-11-20 14:41:37,685 [Worker-19: Building] INFO  o.a.m.s.f.DefaultMavenResourcesFiltering - skip non existing resourceDirectory D:\Career Portal\Backend\CareerPT\src\test\resources
2025-11-20 14:58:24,320 [Worker-25: Building] INFO  o.a.m.s.f.DefaultMavenResourcesFiltering - Copying 1 resource from src\main\resources to target\classes
2025-11-20 14:58:24,331 [Worker-25: Building] INFO  o.a.m.s.f.DefaultMavenResourcesFiltering - Copying 0 resource from src\main\resources to target\classes
2025-11-20 14:58:24,340 [Worker-25: Building] INFO  o.a.m.s.f.DefaultMavenResourcesFiltering - skip non existing resourceDirectory D:\Career Portal\Backend\CareerPT\src\test\resources
2025-11-20 14:59:08,495 [Worker-23: Building] INFO  o.a.m.s.f.DefaultMavenResourcesFiltering - Copying 1 resource from src\main\resources to target\classes
2025-11-20 14:59:08,505 [Worker-23: Building] INFO  o.a.m.s.f.DefaultMavenResourcesFiltering - Copying 0 resource from src\main\resources to target\classes
2025-11-20 14:59:08,512 [Worker-23: Building] INFO  o.a.m.s.f.DefaultMavenResourcesFiltering - skip non existing resourceDirectory D:\Career Portal\Backend\CareerPT\src\test\resources
2025-11-20 14:59:14,601 [Start Help Server] INFO  org.eclipse.jetty.server.Server - jetty-12.0.12; built: 2024-07-25T21:58:37.668Z; git: cc6f1b74db755fed228b50701ad967aeaa68e83f; jvm 21.0.4+7-LTS
2025-11-20 14:59:14,689 [Start Help Server] INFO  o.e.j.server.handler.ContextHandler - Started oeje8n.ContextHandler$CoreContextHandler@bff6782{/help,/help,b=null,a=AVAILABLE,h=oeje8n.ContextHandler$CoreContextHandler$CoreToNestedHandler@6236e8e0{STARTED}}
2025-11-20 14:59:14,690 [Start Help Server] INFO  o.e.j.s.DefaultSessionIdManager - Session workerName=node0
2025-11-20 14:59:14,747 [Start Help Server] INFO  o.e.jetty.server.AbstractConnector - Started ServerConnector@6e96e777{HTTP/1.1, (http/1.1)}{127.0.0.1:51101}
2025-11-20 14:59:14,780 [Start Help Server] INFO  org.eclipse.jetty.server.Server - Started oejs.Server@5b0d5e1e{STARTING}[12.0.12,sto=0] @2322578ms
2025-11-20 14:59:24,442 [Worker-19: Building] INFO  o.a.m.s.f.DefaultMavenResourcesFiltering - Copying 1 resource from src\main\resources to target\classes
2025-11-20 14:59:24,449 [Worker-19: Building] INFO  o.a.m.s.f.DefaultMavenResourcesFiltering - Copying 0 resource from src\main\resources to target\classes
2025-11-20 14:59:24,456 [Worker-19: Building] INFO  o.a.m.s.f.DefaultMavenResourcesFiltering - skip non existing resourceDirectory D:\Career Portal\Backend\CareerPT\src\test\resources
2025-11-20 15:03:17,302 [Worker-19: Building] INFO  o.a.m.s.f.DefaultMavenResourcesFiltering - Copying 1 resource from src\main\resources to target\classes
2025-11-20 15:03:17,311 [Worker-19: Building] INFO  o.a.m.s.f.DefaultMavenResourcesFiltering - Copying 0 resource from src\main\resources to target\classes
2025-11-20 15:03:17,320 [Worker-19: Building] INFO  o.a.m.s.f.DefaultMavenResourcesFiltering - skip non existing resourceDirectory D:\Career Portal\Backend\CareerPT\src\test\resources
2025-11-20 15:15:27,508 [Worker-30: Building] INFO  o.a.m.s.f.DefaultMavenResourcesFiltering - Copying 1 resource from src\main\resources to target\classes
2025-11-20 15:15:27,530 [Worker-30: Building] INFO  o.a.m.s.f.DefaultMavenResourcesFiltering - Copying 0 resource from src\main\resources to target\classes
2025-11-20 15:15:27,537 [Worker-30: Building] INFO  o.a.m.s.f.DefaultMavenResourcesFiltering - skip non existing resourceDirectory D:\Career Portal\Backend\CareerPT\src\test\resources
2025-11-20 15:18:14,172 [Worker-29: Building] INFO  o.a.m.s.f.DefaultMavenResourcesFiltering - Copying 1 resource from src\main\resources to target\classes
2025-11-20 15:18:14,183 [Worker-29: Building] INFO  o.a.m.s.f.DefaultMavenResourcesFiltering - Copying 0 resource from src\main\resources to target\classes
2025-11-20 15:18:14,188 [Worker-29: Building] INFO  o.a.m.s.f.DefaultMavenResourcesFiltering - skip non existing resourceDirectory D:\Career Portal\Backend\CareerPT\src\test\resources
2025-11-20 15:18:58,009 [Worker-30: Building] INFO  o.a.m.s.f.DefaultMavenResourcesFiltering - Copying 1 resource from src\main\resources to target\classes
2025-11-20 15:18:58,018 [Worker-30: Building] INFO  o.a.m.s.f.DefaultMavenResourcesFiltering - Copying 0 resource from src\main\resources to target\classes
2025-11-20 15:18:58,025 [Worker-30: Building] INFO  o.a.m.s.f.DefaultMavenResourcesFiltering - skip non existing resourceDirectory D:\Career Portal\Backend\CareerPT\src\test\resources
2025-11-20 15:22:46,856 [Worker-30: Building] INFO  o.a.m.s.f.DefaultMavenResourcesFiltering - Copying 1 resource from src\main\resources to target\classes
2025-11-20 15:22:46,865 [Worker-30: Building] INFO  o.a.m.s.f.DefaultMavenResourcesFiltering - Copying 0 resource from src\main\resources to target\classes
2025-11-20 15:22:46,871 [Worker-30: Building] INFO  o.a.m.s.f.DefaultMavenResourcesFiltering - skip non existing resourceDirectory D:\Career Portal\Backend\CareerPT\src\test\resources
2025-11-20 15:25:37,889 [Worker-35: Building] INFO  o.a.m.s.f.DefaultMavenResourcesFiltering - Copying 1 resource from src\main\resources to target\classes
2025-11-20 15:25:37,918 [Worker-35: Building] INFO  o.a.m.s.f.DefaultMavenResourcesFiltering - Copying 0 resource from src\main\resources to target\classes
2025-11-20 15:25:37,931 [Worker-35: Building] INFO  o.a.m.s.f.DefaultMavenResourcesFiltering - skip non existing resourceDirectory D:\Career Portal\Backend\CareerPT\src\test\resources
2025-11-20 15:26:09,149 [Worker-36: Building] INFO  o.a.m.s.f.DefaultMavenResourcesFiltering - Copying 1 resource from src\main\resources to target\classes
2025-11-20 15:26:09,162 [Worker-36: Building] INFO  o.a.m.s.f.DefaultMavenResourcesFiltering - Copying 0 resource from src\main\resources to target\classes
2025-11-20 15:26:09,169 [Worker-36: Building] INFO  o.a.m.s.f.DefaultMavenResourcesFiltering - skip non existing resourceDirectory D:\Career Portal\Backend\CareerPT\src\test\resources
2025-11-20 15:40:49,261 [Worker-40: Building] INFO  o.a.m.s.f.DefaultMavenResourcesFiltering - Copying 1 resource from src\main\resources to target\classes
2025-11-20 15:40:49,279 [Worker-40: Building] INFO  o.a.m.s.f.DefaultMavenResourcesFiltering - Copying 0 resource from src\main\resources to target\classes
2025-11-20 15:40:49,285 [Worker-40: Building] INFO  o.a.m.s.f.DefaultMavenResourcesFiltering - skip non existing resourceDirectory D:\Career Portal\Backend\CareerPT\src\test\resources
2025-11-20 15:43:56,700 [Worker-37: Building] INFO  o.a.m.s.f.DefaultMavenResourcesFiltering - Copying 1 resource from src\main\resources to target\classes
2025-11-20 15:43:56,709 [Worker-37: Building] INFO  o.a.m.s.f.DefaultMavenResourcesFiltering - Copying 0 resource from src\main\resources to target\classes
2025-11-20 15:43:56,715 [Worker-37: Building] INFO  o.a.m.s.f.DefaultMavenResourcesFiltering - skip non existing resourceDirectory D:\Career Portal\Backend\CareerPT\src\test\resources
2025-11-20 15:47:34,438 [Worker-44: Building] INFO  o.a.m.s.f.DefaultMavenResourcesFiltering - Copying 1 resource from src\main\resources to target\classes
2025-11-20 15:47:34,454 [Worker-44: Building] INFO  o.a.m.s.f.DefaultMavenResourcesFiltering - Copying 0 resource from src\main\resources to target\classes
2025-11-20 15:47:34,459 [Worker-44: Building] INFO  o.a.m.s.f.DefaultMavenResourcesFiltering - skip non existing resourceDirectory D:\Career Portal\Backend\CareerPT\src\test\resources
2025-11-20 17:33:29,941 [Worker-56: Building] INFO  o.a.m.s.f.DefaultMavenResourcesFiltering - Copying 1 resource from src\main\resources to target\classes
2025-11-20 17:33:29,962 [Worker-56: Building] INFO  o.a.m.s.f.DefaultMavenResourcesFiltering - Copying 0 resource from src\main\resources to target\classes
2025-11-20 17:33:29,970 [Worker-56: Building] INFO  o.a.m.s.f.DefaultMavenResourcesFiltering - skip non existing resourceDirectory D:\Career Portal\Backend\CareerPT\src\test\resources
2025-11-20 17:43:58,231 [Worker-54: Building] INFO  o.a.m.s.f.DefaultMavenResourcesFiltering - Copying 1 resource from src\main\resources to target\classes
2025-11-20 17:43:58,242 [Worker-54: Building] INFO  o.a.m.s.f.DefaultMavenResourcesFiltering - Copying 0 resource from src\main\resources to target\classes
2025-11-20 17:43:58,248 [Worker-54: Building] INFO  o.a.m.s.f.DefaultMavenResourcesFiltering - skip non existing resourceDirectory D:\Career Portal\Backend\CareerPT\src\test\resources
2025-11-20 17:56:55,733 [Stop Help Server] INFO  org.eclipse.jetty.server.Server - Stopped oejs.Server@5b0d5e1e{STOPPING}[12.0.12,sto=0]
2025-11-20 17:56:55,741 [Stop Help Server] INFO  o.e.jetty.server.AbstractConnector - Stopped ServerConnector@6e96e777{HTTP/1.1, (http/1.1)}{127.0.0.1:0}
2025-11-25 06:50:55,420 [Worker-6: Loading available Gradle versions] INFO  o.e.b.c.i.u.g.PublishedGradleVersions - Gradle version information cache is out-of-date. Trying to update.
2025-11-25 06:54:57,262 [Worker-16: Building] INFO  o.e.m.c.i.l.LifecycleMappingFactory - Using org.eclipse.m2e.jdt.JarLifecycleMapping lifecycle mapping for MavenProject: com.example:CareerPT:0.0.1-SNAPSHOT @ D:\Career Portal\Backend\CareerPT\pom.xml.
2025-11-25 06:55:57,529 [Worker-16: Building] INFO  o.e.m.c.i.l.LifecycleMappingFactory - Using org.eclipse.m2e.jdt.JarLifecycleMapping lifecycle mapping for MavenProject: com.example:CareerPT:0.0.1-SNAPSHOT @ D:\Career Portal\Backend\CareerPT\pom.xml.
2025-11-25 06:56:04,372 [Worker-16: Building] INFO  o.e.m.c.i.l.LifecycleMappingFactory - Using org.eclipse.m2e.jdt.JarLifecycleMapping lifecycle mapping for MavenProject: com.example:CareerPT:0.0.1-SNAPSHOT @ D:\Career Portal\Backend\CareerPT\pom.xml.
2025-11-25 07:53:38,072 [Worker-23: Building] INFO  o.e.m.c.i.l.LifecycleMappingFactory - Using org.eclipse.m2e.jdt.JarLifecycleMapping lifecycle mapping for MavenProject: com.example:CareerPT:0.0.1-SNAPSHOT @ D:\Career Portal\Backend\CareerPT\pom.xml.
2025-11-25 07:53:42,610 [Worker-23: Building] INFO  o.e.m.c.i.e.AbstractTransferListenerAdapter - Downloading https://repo.maven.apache.org/maven2/org/springframework/boot/spring-boot-starter-validation/3.5.7/spring-boot-starter-validation-3.5.7.pom
2025-11-25 07:53:42,684 [Worker-23: Building] INFO  o.e.m.c.i.e.AbstractTransferListenerAdapter - Downloaded https://repo.maven.apache.org/maven2/org/springframework/boot/spring-boot-starter-validation/3.5.7/spring-boot-starter-validation-3.5.7.pom
2025-11-25 07:53:43,212 [Worker-23: Building] INFO  o.e.m.c.i.e.AbstractTransferListenerAdapter - Downloading https://repo.maven.apache.org/maven2/org/springframework/boot/spring-boot-starter-validation/3.5.7/spring-boot-starter-validation-3.5.7.jar
2025-11-25 07:53:43,297 [Worker-23: Building] INFO  o.e.m.c.i.e.AbstractTransferListenerAdapter - Downloaded https://repo.maven.apache.org/maven2/org/springframework/boot/spring-boot-starter-validation/3.5.7/spring-boot-starter-validation-3.5.7.jar
2025-11-25 07:53:45,308 [Worker-23: Building] INFO  o.a.m.s.f.DefaultMavenResourcesFiltering - Copying 1 resource from src\main\resources to target\classes
2025-11-25 07:53:45,358 [Worker-23: Building] INFO  o.a.m.s.f.DefaultMavenResourcesFiltering - Copying 0 resource from src\main\resources to target\classes
2025-11-25 07:53:45,370 [Worker-23: Building] INFO  o.a.m.s.f.DefaultMavenResourcesFiltering - skip non existing resourceDirectory D:\Career Portal\Backend\CareerPT\src\test\resources
2025-11-25 07:53:45,572 [Worker-22: Download sources and javadoc] INFO  o.e.m.c.i.e.AbstractTransferListenerAdapter - Downloading https://repo.maven.apache.org/maven2/org/springframework/boot/spring-boot-starter-validation/3.5.7/spring-boot-starter-validation-3.5.7-sources.jar
2025-11-25 07:53:45,739 [Worker-22: Download sources and javadoc] INFO  o.e.m.c.i.e.AbstractTransferListenerAdapter - Downloaded https://repo.maven.apache.org/maven2/org/springframework/boot/spring-boot-starter-validation/3.5.7/spring-boot-starter-validation-3.5.7-sources.jar
2025-11-25 07:53:45,754 [Worker-22: Download sources and javadoc] INFO  o.e.m.j.internal.DownloadSourcesJob - Downloaded sources for org.springframework.boot:spring-boot-starter-validation:3.5.7
2025-11-25 07:53:48,695 [Worker-21: Building] INFO  o.a.m.s.f.DefaultMavenResourcesFiltering - Copying 1 resource from src\main\resources to target\classes
2025-11-25 07:53:48,706 [Worker-21: Building] INFO  o.a.m.s.f.DefaultMavenResourcesFiltering - Copying 0 resource from src\main\resources to target\classes
2025-11-25 07:53:48,710 [Worker-21: Building] INFO  o.a.m.s.f.DefaultMavenResourcesFiltering - skip non existing resourceDirectory D:\Career Portal\Backend\CareerPT\src\test\resources
2025-11-25 07:58:44,773 [Start Help Server] INFO  org.eclipse.jetty.server.Server - jetty-12.0.12; built: 2024-07-25T21:58:37.668Z; git: cc6f1b74db755fed228b50701ad967aeaa68e83f; jvm 21.0.4+7-LTS
2025-11-25 07:58:44,850 [Start Help Server] INFO  o.e.j.server.handler.ContextHandler - Started oeje8n.ContextHandler$CoreContextHandler@4365a2d6{/help,/help,b=null,a=AVAILABLE,h=oeje8n.ContextHandler$CoreContextHandler$CoreToNestedHandler@513bbb04{STARTED}}
2025-11-25 07:58:44,851 [Start Help Server] INFO  o.e.j.s.DefaultSessionIdManager - Session workerName=node0
2025-11-25 07:58:44,893 [Start Help Server] INFO  o.e.jetty.server.AbstractConnector - Started ServerConnector@f6266{HTTP/1.1, (http/1.1)}{127.0.0.1:49490}
2025-11-25 07:58:44,928 [Start Help Server] INFO  org.eclipse.jetty.server.Server - Started oejs.Server@47d7f298{STARTING}[12.0.12,sto=0] @4140174ms
2025-11-25 10:44:01,328 [Worker-34: Building] INFO  o.a.m.s.f.DefaultMavenResourcesFiltering - Copying 1 resource from src\main\resources to target\classes
2025-11-25 10:44:01,367 [Worker-34: Building] INFO  o.a.m.s.f.DefaultMavenResourcesFiltering - Copying 0 resource from src\main\resources to target\classes
2025-11-25 10:44:01,374 [Worker-34: Building] INFO  o.a.m.s.f.DefaultMavenResourcesFiltering - skip non existing resourceDirectory D:\Career Portal\Backend\CareerPT\src\test\resources
2025-11-25 10:44:04,790 [Worker-34: Building] INFO  o.a.m.s.f.DefaultMavenResourcesFiltering - Copying 1 resource from src\main\resources to target\classes
2025-11-25 10:44:04,806 [Worker-34: Building] INFO  o.a.m.s.f.DefaultMavenResourcesFiltering - Copying 0 resource from src\main\resources to target\classes
2025-11-25 10:44:04,813 [Worker-34: Building] INFO  o.a.m.s.f.DefaultMavenResourcesFiltering - skip non existing resourceDirectory D:\Career Portal\Backend\CareerPT\src\test\resources
2025-11-25 10:44:10,583 [Worker-52: Building] INFO  o.a.m.s.f.DefaultMavenResourcesFiltering - Copying 1 resource from src\main\resources to target\classes
2025-11-25 10:44:10,599 [Worker-52: Building] INFO  o.a.m.s.f.DefaultMavenResourcesFiltering - Copying 0 resource from src\main\resources to target\classes
2025-11-25 10:44:10,608 [Worker-52: Building] INFO  o.a.m.s.f.DefaultMavenResourcesFiltering - skip non existing resourceDirectory D:\Career Portal\Backend\CareerPT\src\test\resources
2025-11-25 11:26:14,879 [Worker-51: Building] INFO  o.a.m.s.f.DefaultMavenResourcesFiltering - Copying 1 resource from src\main\resources to target\classes
2025-11-25 11:26:14,900 [Worker-51: Building] INFO  o.a.m.s.f.DefaultMavenResourcesFiltering - Copying 0 resource from src\main\resources to target\classes
2025-11-25 11:26:14,907 [Worker-51: Building] INFO  o.a.m.s.f.DefaultMavenResourcesFiltering - skip non existing resourceDirectory D:\Career Portal\Backend\CareerPT\src\test\resources
2025-11-25 11:26:30,330 [Worker-65: Building] INFO  o.a.m.s.f.DefaultMavenResourcesFiltering - Copying 1 resource from src\main\resources to target\classes
2025-11-25 11:26:30,341 [Worker-65: Building] INFO  o.a.m.s.f.DefaultMavenResourcesFiltering - Copying 0 resource from src\main\resources to target\classes
2025-11-25 11:26:30,349 [Worker-65: Building] INFO  o.a.m.s.f.DefaultMavenResourcesFiltering - skip non existing resourceDirectory D:\Career Portal\Backend\CareerPT\src\test\resources
2025-11-25 11:29:49,323 [Worker-69: Building] INFO  o.a.m.s.f.DefaultMavenResourcesFiltering - Copying 1 resource from src\main\resources to target\classes
2025-11-25 11:29:49,334 [Worker-69: Building] INFO  o.a.m.s.f.DefaultMavenResourcesFiltering - Copying 0 resource from src\main\resources to target\classes
2025-11-25 11:29:49,340 [Worker-69: Building] INFO  o.a.m.s.f.DefaultMavenResourcesFiltering - skip non existing resourceDirectory D:\Career Portal\Backend\CareerPT\src\test\resources
2025-11-25 11:37:42,537 [Worker-70: Building] INFO  o.a.m.s.f.DefaultMavenResourcesFiltering - Copying 0 resource from src\main\resources to target\classes
2025-11-25 11:37:42,567 [Worker-70: Building] INFO  o.a.m.s.f.DefaultMavenResourcesFiltering - Copying 1 resource from src\main\resources to target\classes
2025-11-25 11:37:42,576 [Worker-70: Building] INFO  o.a.m.s.f.DefaultMavenResourcesFiltering - skip non existing resourceDirectory D:\Career Portal\Backend\CareerPT\src\test\resources
2025-11-25 11:48:25,129 [Worker-73: Building] INFO  o.a.m.s.f.DefaultMavenResourcesFiltering - Copying 0 resource from src\main\resources to target\classes
2025-11-25 11:48:25,130 [Worker-73: Building] INFO  o.a.m.s.f.DefaultMavenResourcesFiltering - Copying 1 resource from src\main\resources to target\classes
2025-11-25 11:48:25,140 [Worker-73: Building] INFO  o.a.m.s.f.DefaultMavenResourcesFiltering - skip non existing resourceDirectory D:\Career Portal\Backend\CareerPT\src\test\resources
2025-11-25 11:50:13,277 [Worker-76: Building] INFO  o.a.m.s.f.DefaultMavenResourcesFiltering - Copying 0 resource from src\main\resources to target\classes
2025-11-25 11:50:13,279 [Worker-76: Building] INFO  o.a.m.s.f.DefaultMavenResourcesFiltering - Copying 1 resource from src\main\resources to target\classes
2025-11-25 11:50:13,290 [Worker-76: Building] INFO  o.a.m.s.f.DefaultMavenResourcesFiltering - skip non existing resourceDirectory D:\Career Portal\Backend\CareerPT\src\test\resources
2025-11-25 17:40:01,244 [Worker-4: Loading available Gradle versions] INFO  o.e.b.c.i.u.g.PublishedGradleVersions - Gradle version information cache is up-to-date. Trying to read.
2025-11-25 17:51:16,388 [Worker-14: Building] INFO  o.a.m.s.f.DefaultMavenResourcesFiltering - Copying 1 resource from src\main\resources to target\classes
2025-11-25 17:51:16,414 [Worker-14: Building] INFO  o.a.m.s.f.DefaultMavenResourcesFiltering - Copying 1 resource from src\main\resources to target\classes
2025-11-25 17:51:16,426 [Worker-14: Building] INFO  o.a.m.s.f.DefaultMavenResourcesFiltering - skip non existing resourceDirectory D:\Career Portal\Backend\CareerPT\src\test\resources
2025-11-25 17:51:18,731 [Worker-18: Building] INFO  o.a.m.s.f.DefaultMavenResourcesFiltering - Copying 0 resource from src\main\resources to target\classes
2025-11-25 17:51:18,734 [Worker-18: Building] INFO  o.a.m.s.f.DefaultMavenResourcesFiltering - Copying 1 resource from src\main\resources to target\classes
2025-11-25 17:51:18,740 [Worker-18: Building] INFO  o.a.m.s.f.DefaultMavenResourcesFiltering - skip non existing resourceDirectory D:\Career Portal\Backend\CareerPT\src\test\resources
2025-11-25 17:57:59,362 [Worker-22: Building] INFO  o.a.m.s.f.DefaultMavenResourcesFiltering - Copying 1 resource from src\main\resources to target\classes
2025-11-25 17:57:59,373 [Worker-22: Building] INFO  o.a.m.s.f.DefaultMavenResourcesFiltering - Copying 1 resource from src\main\resources to target\classes
2025-11-25 17:57:59,380 [Worker-22: Building] INFO  o.a.m.s.f.DefaultMavenResourcesFiltering - skip non existing resourceDirectory D:\Career Portal\Backend\CareerPT\src\test\resources
2025-11-25 17:58:01,591 [Worker-22: Building] INFO  o.a.m.s.f.DefaultMavenResourcesFiltering - Copying 1 resource from src\main\resources to target\classes
2025-11-25 17:58:01,598 [Worker-22: Building] INFO  o.a.m.s.f.DefaultMavenResourcesFiltering - Copying 1 resource from src\main\resources to target\classes
2025-11-25 17:58:01,605 [Worker-22: Building] INFO  o.a.m.s.f.DefaultMavenResourcesFiltering - skip non existing resourceDirectory D:\Career Portal\Backend\CareerPT\src\test\resources
2025-11-25 17:58:03,978 [Worker-23: Building] INFO  o.a.m.s.f.DefaultMavenResourcesFiltering - Copying 1 resource from src\main\resources to target\classes
2025-11-25 17:58:03,985 [Worker-23: Building] INFO  o.a.m.s.f.DefaultMavenResourcesFiltering - Copying 1 resource from src\main\resources to target\classes
2025-11-25 17:58:03,990 [Worker-23: Building] INFO  o.a.m.s.f.DefaultMavenResourcesFiltering - skip non existing resourceDirectory D:\Career Portal\Backend\CareerPT\src\test\resources
2025-11-25 17:58:13,460 [Worker-22: Building] INFO  o.a.m.s.f.DefaultMavenResourcesFiltering - Copying 1 resource from src\main\resources to target\classes
2025-11-25 17:58:13,468 [Worker-22: Building] INFO  o.a.m.s.f.DefaultMavenResourcesFiltering - Copying 1 resource from src\main\resources to target\classes
2025-11-25 17:58:13,475 [Worker-22: Building] INFO  o.a.m.s.f.DefaultMavenResourcesFiltering - skip non existing resourceDirectory D:\Career Portal\Backend\CareerPT\src\test\resources
2025-11-25 17:58:28,588 [Worker-22: Building] INFO  o.a.m.s.f.DefaultMavenResourcesFiltering - Copying 1 resource from src\main\resources to target\classes
2025-11-25 17:58:28,595 [Worker-22: Building] INFO  o.a.m.s.f.DefaultMavenResourcesFiltering - Copying 1 resource from src\main\resources to target\classes
2025-11-25 17:58:28,634 [Worker-22: Building] INFO  o.a.m.s.f.DefaultMavenResourcesFiltering - skip non existing resourceDirectory D:\Career Portal\Backend\CareerPT\src\test\resources
2025-11-25 17:58:37,500 [Worker-25: Building] INFO  o.a.m.s.f.DefaultMavenResourcesFiltering - Copying 1 resource from src\main\resources to target\classes
2025-11-25 17:58:37,507 [Worker-25: Building] INFO  o.a.m.s.f.DefaultMavenResourcesFiltering - Copying 1 resource from src\main\resources to target\classes
2025-11-25 17:58:37,513 [Worker-25: Building] INFO  o.a.m.s.f.DefaultMavenResourcesFiltering - skip non existing resourceDirectory D:\Career Portal\Backend\CareerPT\src\test\resources
2025-11-25 17:58:49,858 [Worker-18: Building] INFO  o.a.m.s.f.DefaultMavenResourcesFiltering - Copying 1 resource from src\main\resources to target\classes
2025-11-25 17:58:49,865 [Worker-18: Building] INFO  o.a.m.s.f.DefaultMavenResourcesFiltering - Copying 1 resource from src\main\resources to target\classes
2025-11-25 17:58:49,872 [Worker-18: Building] INFO  o.a.m.s.f.DefaultMavenResourcesFiltering - skip non existing resourceDirectory D:\Career Portal\Backend\CareerPT\src\test\resources
2025-11-25 18:40:17,561 [Worker-33: Building] INFO  o.e.m.c.i.l.LifecycleMappingFactory - Using org.eclipse.m2e.jdt.JarLifecycleMapping lifecycle mapping for MavenProject: com.example:CareerPT:0.0.1-SNAPSHOT @ D:\Career Portal\Backend\CareerPT\pom.xml.
2025-11-25 18:40:18,939 [Worker-33: Building] INFO  o.e.m.c.i.e.AbstractTransferListenerAdapter - Downloading https://repo.maven.apache.org/maven2/org/springframework/boot/spring-boot-starter-security/3.5.7/spring-boot-starter-security-3.5.7.pom
2025-11-25 18:40:18,989 [Worker-33: Building] INFO  o.e.m.c.i.e.AbstractTransferListenerAdapter - Downloaded https://repo.maven.apache.org/maven2/org/springframework/boot/spring-boot-starter-security/3.5.7/spring-boot-starter-security-3.5.7.pom
2025-11-25 18:40:19,141 [Worker-33: Building] INFO  o.e.m.c.i.e.AbstractTransferListenerAdapter - Downloading https://repo.maven.apache.org/maven2/org/springframework/security/spring-security-config/6.5.6/spring-security-config-6.5.6.pom
2025-11-25 18:40:19,191 [Worker-33: Building] INFO  o.e.m.c.i.e.AbstractTransferListenerAdapter - Downloaded https://repo.maven.apache.org/maven2/org/springframework/security/spring-security-config/6.5.6/spring-security-config-6.5.6.pom
2025-11-25 18:40:19,364 [Worker-33: Building] INFO  o.e.m.c.i.e.AbstractTransferListenerAdapter - Downloading https://repo.maven.apache.org/maven2/org/springframework/security/spring-security-core/6.5.6/spring-security-core-6.5.6.pom
2025-11-25 18:40:19,411 [Worker-33: Building] INFO  o.e.m.c.i.e.AbstractTransferListenerAdapter - Downloaded https://repo.maven.apache.org/maven2/org/springframework/security/spring-security-core/6.5.6/spring-security-core-6.5.6.pom
2025-11-25 18:40:19,572 [Worker-33: Building] INFO  o.e.m.c.i.e.AbstractTransferListenerAdapter - Downloading https://repo.maven.apache.org/maven2/org/springframework/security/spring-security-crypto/6.5.6/spring-security-crypto-6.5.6.pom
2025-11-25 18:40:19,623 [Worker-33: Building] INFO  o.e.m.c.i.e.AbstractTransferListenerAdapter - Downloaded https://repo.maven.apache.org/maven2/org/springframework/security/spring-security-crypto/6.5.6/spring-security-crypto-6.5.6.pom
2025-11-25 18:40:19,780 [Worker-33: Building] INFO  o.e.m.c.i.e.AbstractTransferListenerAdapter - Downloading https://repo.maven.apache.org/maven2/org/springframework/security/spring-security-web/6.5.6/spring-security-web-6.5.6.pom
2025-11-25 18:40:19,833 [Worker-33: Building] INFO  o.e.m.c.i.e.AbstractTransferListenerAdapter - Downloaded https://repo.maven.apache.org/maven2/org/springframework/security/spring-security-web/6.5.6/spring-security-web-6.5.6.pom
2025-11-25 18:40:20,313 [Worker-33: Building] INFO  o.e.m.c.i.e.AbstractTransferListenerAdapter - Downloading https://repo.maven.apache.org/maven2/org/springframework/boot/spring-boot-starter-security/3.5.7/spring-boot-starter-security-3.5.7.jar
2025-11-25 18:40:20,404 [Worker-33: Building] INFO  o.e.m.c.i.e.AbstractTransferListenerAdapter - Downloaded https://repo.maven.apache.org/maven2/org/springframework/boot/spring-boot-starter-security/3.5.7/spring-boot-starter-security-3.5.7.jar
2025-11-25 18:40:20,538 [BasicRepositoryConnector-repo.maven.apache.org-0-0] INFO  o.e.m.c.i.e.AbstractTransferListenerAdapter - Downloading https://repo.maven.apache.org/maven2/org/springframework/security/spring-security-config/6.5.6/spring-security-config-6.5.6.jar
2025-11-25 18:40:21,000 [BasicRepositoryConnector-repo.maven.apache.org-0-2] INFO  o.e.m.c.i.e.AbstractTransferListenerAdapter - Downloading https://repo.maven.apache.org/maven2/org/springframework/security/spring-security-crypto/6.5.6/spring-security-crypto-6.5.6.jar
2025-11-25 18:40:21,002 [BasicRepositoryConnector-repo.maven.apache.org-0-3] INFO  o.e.m.c.i.e.AbstractTransferListenerAdapter - Downloading https://repo.maven.apache.org/maven2/org/springframework/security/spring-security-web/6.5.6/spring-security-web-6.5.6.jar
2025-11-25 18:40:21,090 [BasicRepositoryConnector-repo.maven.apache.org-0-1] INFO  o.e.m.c.i.e.AbstractTransferListenerAdapter - Downloading https://repo.maven.apache.org/maven2/org/springframework/security/spring-security-core/6.5.6/spring-security-core-6.5.6.jar
2025-11-25 18:40:21,437 [BasicRepositoryConnector-repo.maven.apache.org-0-2] INFO  o.e.m.c.i.e.AbstractTransferListenerAdapter - Downloaded https://repo.maven.apache.org/maven2/org/springframework/security/spring-security-crypto/6.5.6/spring-security-crypto-6.5.6.jar
2025-11-25 18:40:23,883 [BasicRepositoryConnector-repo.maven.apache.org-0-3] INFO  o.e.m.c.i.e.AbstractTransferListenerAdapter - Downloaded https://repo.maven.apache.org/maven2/org/springframework/security/spring-security-web/6.5.6/spring-security-web-6.5.6.jar
2025-11-25 18:40:23,906 [BasicRepositoryConnector-repo.maven.apache.org-0-1] INFO  o.e.m.c.i.e.AbstractTransferListenerAdapter - Downloaded https://repo.maven.apache.org/maven2/org/springframework/security/spring-security-core/6.5.6/spring-security-core-6.5.6.jar
2025-11-25 18:40:24,881 [BasicRepositoryConnector-repo.maven.apache.org-0-0] INFO  o.e.m.c.i.e.AbstractTransferListenerAdapter - Downloaded https://repo.maven.apache.org/maven2/org/springframework/security/spring-security-config/6.5.6/spring-security-config-6.5.6.jar
2025-11-25 18:40:26,005 [Worker-33: Building] INFO  o.a.m.s.f.DefaultMavenResourcesFiltering - Copying 0 resource from src\main\resources to target\classes
2025-11-25 18:40:26,006 [Worker-33: Building] INFO  o.a.m.s.f.DefaultMavenResourcesFiltering - Copying 0 resource from src\main\resources to target\classes
2025-11-25 18:40:26,013 [Worker-33: Building] INFO  o.a.m.s.f.DefaultMavenResourcesFiltering - skip non existing resourceDirectory D:\Career Portal\Backend\CareerPT\src\test\resources
2025-11-25 18:40:27,100 [Worker-33: Download sources and javadoc] INFO  o.e.m.c.i.e.AbstractTransferListenerAdapter - Downloading https://repo.maven.apache.org/maven2/org/springframework/boot/spring-boot-starter-security/3.5.7/spring-boot-starter-security-3.5.7-sources.jar
2025-11-25 18:40:27,115 [Worker-33: Download sources and javadoc] INFO  o.e.m.c.i.e.AbstractTransferListenerAdapter - Downloaded https://repo.maven.apache.org/maven2/org/springframework/boot/spring-boot-starter-security/3.5.7/spring-boot-starter-security-3.5.7-sources.jar
2025-11-25 18:40:27,128 [Worker-33: Download sources and javadoc] INFO  o.e.m.j.internal.DownloadSourcesJob - Downloaded sources for org.springframework.boot:spring-boot-starter-security:3.5.7
2025-11-25 18:40:27,547 [Worker-35: Building] INFO  o.a.m.s.f.DefaultMavenResourcesFiltering - Copying 1 resource from src\main\resources to target\classes
2025-11-25 18:40:27,570 [Worker-35: Building] INFO  o.a.m.s.f.DefaultMavenResourcesFiltering - Copying 1 resource from src\main\resources to target\classes
2025-11-25 18:40:27,578 [Worker-35: Building] INFO  o.a.m.s.f.DefaultMavenResourcesFiltering - skip non existing resourceDirectory D:\Career Portal\Backend\CareerPT\src\test\resources
2025-11-25 18:40:27,632 [Worker-33: Download sources and javadoc] INFO  o.e.m.c.i.e.AbstractTransferListenerAdapter - Downloading https://repo.maven.apache.org/maven2/org/springframework/security/spring-security-config/6.5.6/spring-security-config-6.5.6-sources.jar
2025-11-25 18:40:28,937 [Worker-33: Download sources and javadoc] INFO  o.e.m.c.i.e.AbstractTransferListenerAdapter - Downloaded https://repo.maven.apache.org/maven2/org/springframework/security/spring-security-config/6.5.6/spring-security-config-6.5.6-sources.jar
2025-11-25 18:40:28,949 [Worker-33: Download sources and javadoc] INFO  o.e.m.j.internal.DownloadSourcesJob - Downloaded sources for org.springframework.security:spring-security-config:6.5.6
2025-11-25 18:40:29,893 [Worker-33: Download sources and javadoc] INFO  o.e.m.c.i.e.AbstractTransferListenerAdapter - Downloading https://repo.maven.apache.org/maven2/org/springframework/security/spring-security-core/6.5.6/spring-security-core-6.5.6-sources.jar
2025-11-25 18:40:30,592 [Worker-33: Download sources and javadoc] INFO  o.e.m.c.i.e.AbstractTransferListenerAdapter - Downloaded https://repo.maven.apache.org/maven2/org/springframework/security/spring-security-core/6.5.6/spring-security-core-6.5.6-sources.jar
2025-11-25 18:40:30,602 [Worker-33: Download sources and javadoc] INFO  o.e.m.j.internal.DownloadSourcesJob - Downloaded sources for org.springframework.security:spring-security-core:6.5.6
2025-11-25 18:40:30,950 [Worker-33: Download sources and javadoc] INFO  o.e.m.c.i.e.AbstractTransferListenerAdapter - Downloading https://repo.maven.apache.org/maven2/org/springframework/security/spring-security-crypto/6.5.6/spring-security-crypto-6.5.6-sources.jar
2025-11-25 18:40:31,134 [Worker-33: Download sources and javadoc] INFO  o.e.m.c.i.e.AbstractTransferListenerAdapter - Downloaded https://repo.maven.apache.org/maven2/org/springframework/security/spring-security-crypto/6.5.6/spring-security-crypto-6.5.6-sources.jar
2025-11-25 18:40:31,142 [Worker-33: Download sources and javadoc] INFO  o.e.m.j.internal.DownloadSourcesJob - Downloaded sources for org.springframework.security:spring-security-crypto:6.5.6
2025-11-25 18:40:31,481 [Worker-33: Download sources and javadoc] INFO  o.e.m.c.i.e.AbstractTransferListenerAdapter - Downloading https://repo.maven.apache.org/maven2/org/springframework/security/spring-security-web/6.5.6/spring-security-web-6.5.6-sources.jar
2025-11-25 18:40:32,547 [Worker-33: Download sources and javadoc] INFO  o.e.m.c.i.e.AbstractTransferListenerAdapter - Downloaded https://repo.maven.apache.org/maven2/org/springframework/security/spring-security-web/6.5.6/spring-security-web-6.5.6-sources.jar
2025-11-25 18:40:32,557 [Worker-33: Download sources and javadoc] INFO  o.e.m.j.internal.DownloadSourcesJob - Downloaded sources for org.springframework.security:spring-security-web:6.5.6
2025-11-25 18:45:37,874 [Worker-41: Building] INFO  o.a.m.s.f.DefaultMavenResourcesFiltering - Copying 1 resource from src\main\resources to target\classes
2025-11-25 18:45:37,892 [Worker-41: Building] INFO  o.a.m.s.f.DefaultMavenResourcesFiltering - Copying 1 resource from src\main\resources to target\classes
2025-11-25 18:45:37,897 [Worker-41: Building] INFO  o.a.m.s.f.DefaultMavenResourcesFiltering - skip non existing resourceDirectory D:\Career Portal\Backend\CareerPT\src\test\resources
2025-11-25 18:48:34,679 [Worker-42: Building] INFO  o.a.m.s.f.DefaultMavenResourcesFiltering - Copying 1 resource from src\main\resources to target\classes
2025-11-25 18:48:34,688 [Worker-42: Building] INFO  o.a.m.s.f.DefaultMavenResourcesFiltering - Copying 1 resource from src\main\resources to target\classes
2025-11-25 18:48:34,694 [Worker-42: Building] INFO  o.a.m.s.f.DefaultMavenResourcesFiltering - skip non existing resourceDirectory D:\Career Portal\Backend\CareerPT\src\test\resources
2025-11-25 18:48:55,459 [Worker-33: Building] INFO  o.a.m.s.f.DefaultMavenResourcesFiltering - Copying 1 resource from src\main\resources to target\classes
2025-11-25 18:48:55,469 [Worker-33: Building] INFO  o.a.m.s.f.DefaultMavenResourcesFiltering - Copying 1 resource from src\main\resources to target\classes
2025-11-25 18:48:55,473 [Worker-33: Building] INFO  o.a.m.s.f.DefaultMavenResourcesFiltering - skip non existing resourceDirectory D:\Career Portal\Backend\CareerPT\src\test\resources
2025-11-25 18:51:06,924 [Worker-45: Building] INFO  o.a.m.s.f.DefaultMavenResourcesFiltering - Copying 1 resource from src\main\resources to target\classes
2025-11-25 18:51:06,933 [Worker-45: Building] INFO  o.a.m.s.f.DefaultMavenResourcesFiltering - Copying 1 resource from src\main\resources to target\classes
2025-11-25 18:51:06,939 [Worker-45: Building] INFO  o.a.m.s.f.DefaultMavenResourcesFiltering - skip non existing resourceDirectory D:\Career Portal\Backend\CareerPT\src\test\resources
2025-11-25 18:51:25,739 [Worker-40: Building] INFO  o.a.m.s.f.DefaultMavenResourcesFiltering - Copying 1 resource from src\main\resources to target\classes
2025-11-25 18:51:25,748 [Worker-40: Building] INFO  o.a.m.s.f.DefaultMavenResourcesFiltering - Copying 1 resource from src\main\resources to target\classes
2025-11-25 18:51:25,756 [Worker-40: Building] INFO  o.a.m.s.f.DefaultMavenResourcesFiltering - skip non existing resourceDirectory D:\Career Portal\Backend\CareerPT\src\test\resources
2025-11-25 18:53:42,996 [Worker-50: Building] INFO  o.a.m.s.f.DefaultMavenResourcesFiltering - Copying 1 resource from src\main\resources to target\classes
2025-11-25 18:53:43,007 [Worker-50: Building] INFO  o.a.m.s.f.DefaultMavenResourcesFiltering - Copying 1 resource from src\main\resources to target\classes
2025-11-25 18:53:43,013 [Worker-50: Building] INFO  o.a.m.s.f.DefaultMavenResourcesFiltering - skip non existing resourceDirectory D:\Career Portal\Backend\CareerPT\src\test\resources
2025-11-26 19:33:46,229 [Worker-4: Loading available Gradle versions] INFO  o.e.b.c.i.u.g.PublishedGradleVersions - Gradle version information cache is out-of-date. Trying to update.
2025-11-26 19:35:42,389 [Worker-12: Building] INFO  o.a.m.s.f.DefaultMavenResourcesFiltering - Copying 1 resource from src\main\resources to target\classes
2025-11-26 19:35:42,423 [Worker-12: Building] INFO  o.a.m.s.f.DefaultMavenResourcesFiltering - Copying 1 resource from src\main\resources to target\classes
2025-11-26 19:35:42,433 [Worker-12: Building] INFO  o.a.m.s.f.DefaultMavenResourcesFiltering - skip non existing resourceDirectory D:\Career Portal\Backend\CareerPT\src\test\resources
2025-11-26 19:41:47,415 [Worker-15: Building] INFO  o.a.m.s.f.DefaultMavenResourcesFiltering - Copying 1 resource from src\main\resources to target\classes
2025-11-26 19:41:47,428 [Worker-15: Building] INFO  o.a.m.s.f.DefaultMavenResourcesFiltering - Copying 1 resource from src\main\resources to target\classes
2025-11-26 19:41:47,436 [Worker-15: Building] INFO  o.a.m.s.f.DefaultMavenResourcesFiltering - skip non existing resourceDirectory D:\Career Portal\Backend\CareerPT\src\test\resources
2025-11-26 23:01:14,575 [Worker-27: Building] INFO  o.a.m.s.f.DefaultMavenResourcesFiltering - Copying 1 resource from src\main\resources to target\classes
2025-11-26 23:01:14,600 [Worker-27: Building] INFO  o.a.m.s.f.DefaultMavenResourcesFiltering - Copying 1 resource from src\main\resources to target\classes
2025-11-26 23:01:14,614 [Worker-27: Building] INFO  o.a.m.s.f.DefaultMavenResourcesFiltering - skip non existing resourceDirectory D:\Career Portal\Backend\CareerPT\src\test\resources
2025-11-26 23:07:40,607 [Worker-27: Building] INFO  o.a.m.s.f.DefaultMavenResourcesFiltering - Copying 1 resource from src\main\resources to target\classes
2025-11-26 23:07:40,623 [Worker-27: Building] INFO  o.a.m.s.f.DefaultMavenResourcesFiltering - Copying 1 resource from src\main\resources to target\classes
2025-11-26 23:07:40,629 [Worker-27: Building] INFO  o.a.m.s.f.DefaultMavenResourcesFiltering - skip non existing resourceDirectory D:\Career Portal\Backend\CareerPT\src\test\resources
2025-11-26 23:07:44,733 [Worker-33: Building] INFO  o.a.m.s.f.DefaultMavenResourcesFiltering - Copying 1 resource from src\main\resources to target\classes
2025-11-26 23:07:44,754 [Worker-33: Building] INFO  o.a.m.s.f.DefaultMavenResourcesFiltering - Copying 1 resource from src\main\resources to target\classes
2025-11-26 23:07:44,763 [Worker-33: Building] INFO  o.a.m.s.f.DefaultMavenResourcesFiltering - skip non existing resourceDirectory D:\Career Portal\Backend\CareerPT\src\test\resources
2025-11-26 23:08:09,311 [Worker-33: Building] INFO  o.a.m.s.f.DefaultMavenResourcesFiltering - Copying 1 resource from src\main\resources to target\classes
2025-11-26 23:08:09,319 [Worker-33: Building] INFO  o.a.m.s.f.DefaultMavenResourcesFiltering - Copying 1 resource from src\main\resources to target\classes
2025-11-26 23:08:09,326 [Worker-33: Building] INFO  o.a.m.s.f.DefaultMavenResourcesFiltering - skip non existing resourceDirectory D:\Career Portal\Backend\CareerPT\src\test\resources
2025-11-26 23:11:26,430 [Worker-38: Building] INFO  o.a.m.s.f.DefaultMavenResourcesFiltering - Copying 1 resource from src\main\resources to target\classes
2025-11-26 23:11:26,439 [Worker-38: Building] INFO  o.a.m.s.f.DefaultMavenResourcesFiltering - Copying 1 resource from src\main\resources to target\classes
2025-11-26 23:11:26,444 [Worker-38: Building] INFO  o.a.m.s.f.DefaultMavenResourcesFiltering - skip non existing resourceDirectory D:\Career Portal\Backend\CareerPT\src\test\resources
2025-11-26 23:11:29,871 [Worker-27: Building] INFO  o.a.m.s.f.DefaultMavenResourcesFiltering - Copying 1 resource from src\main\resources to target\classes
2025-11-26 23:11:29,880 [Worker-27: Building] INFO  o.a.m.s.f.DefaultMavenResourcesFiltering - Copying 1 resource from src\main\resources to target\classes
2025-11-26 23:11:29,887 [Worker-27: Building] INFO  o.a.m.s.f.DefaultMavenResourcesFiltering - skip non existing resourceDirectory D:\Career Portal\Backend\CareerPT\src\test\resources
2025-11-26 23:17:51,060 [Worker-39: Building] INFO  o.a.m.s.f.DefaultMavenResourcesFiltering - Copying 1 resource from src\main\resources to target\classes
2025-11-26 23:17:51,073 [Worker-39: Building] INFO  o.a.m.s.f.DefaultMavenResourcesFiltering - Copying 1 resource from src\main\resources to target\classes
2025-11-26 23:17:51,081 [Worker-39: Building] INFO  o.a.m.s.f.DefaultMavenResourcesFiltering - skip non existing resourceDirectory D:\Career Portal\Backend\CareerPT\src\test\resources
2025-11-26 23:19:30,552 [Worker-40: Building] INFO  o.a.m.s.f.DefaultMavenResourcesFiltering - Copying 1 resource from src\main\resources to target\classes
2025-11-26 23:19:30,567 [Worker-40: Building] INFO  o.a.m.s.f.DefaultMavenResourcesFiltering - Copying 1 resource from src\main\resources to target\classes
2025-11-26 23:19:30,576 [Worker-40: Building] INFO  o.a.m.s.f.DefaultMavenResourcesFiltering - skip non existing resourceDirectory D:\Career Portal\Backend\CareerPT\src\test\resources
2025-11-26 23:19:48,630 [Worker-27: Building] INFO  o.a.m.s.f.DefaultMavenResourcesFiltering - Copying 1 resource from src\main\resources to target\classes
2025-11-26 23:19:48,639 [Worker-27: Building] INFO  o.a.m.s.f.DefaultMavenResourcesFiltering - Copying 1 resource from src\main\resources to target\classes
2025-11-26 23:19:48,647 [Worker-27: Building] INFO  o.a.m.s.f.DefaultMavenResourcesFiltering - skip non existing resourceDirectory D:\Career Portal\Backend\CareerPT\src\test\resources
2025-11-26 23:21:55,281 [Worker-39: Building] INFO  o.a.m.s.f.DefaultMavenResourcesFiltering - Copying 1 resource from src\main\resources to target\classes
2025-11-26 23:21:55,339 [Worker-39: Building] INFO  o.a.m.s.f.DefaultMavenResourcesFiltering - Copying 0 resource from src\main\resources to target\classes
2025-11-26 23:21:55,350 [Worker-39: Building] INFO  o.a.m.s.f.DefaultMavenResourcesFiltering - skip non existing resourceDirectory D:\Career Portal\Backend\CareerPT\src\test\resources
2025-11-26 23:27:28,776 [Worker-27: Building] INFO  o.a.m.s.f.DefaultMavenResourcesFiltering - Copying 1 resource from src\main\resources to target\classes
2025-11-26 23:27:28,783 [Worker-27: Building] INFO  o.a.m.s.f.DefaultMavenResourcesFiltering - Copying 1 resource from src\main\resources to target\classes
2025-11-26 23:27:28,791 [Worker-27: Building] INFO  o.a.m.s.f.DefaultMavenResourcesFiltering - skip non existing resourceDirectory D:\Career Portal\Backend\CareerPT\src\test\resources
2025-11-26 23:28:59,771 [Worker-39: Building] INFO  o.a.m.s.f.DefaultMavenResourcesFiltering - Copying 1 resource from src\main\resources to target\classes
2025-11-26 23:28:59,781 [Worker-39: Building] INFO  o.a.m.s.f.DefaultMavenResourcesFiltering - Copying 1 resource from src\main\resources to target\classes
2025-11-26 23:28:59,789 [Worker-39: Building] INFO  o.a.m.s.f.DefaultMavenResourcesFiltering - skip non existing resourceDirectory D:\Career Portal\Backend\CareerPT\src\test\resources
2025-11-27 10:42:50,842 [Worker-6: Loading available Gradle versions] INFO  o.e.b.c.i.u.g.PublishedGradleVersions - Gradle version information cache is up-to-date. Trying to read.
2025-11-27 10:53:04,498 [Start Help Server] INFO  org.eclipse.jetty.server.Server - jetty-12.0.12; built: 2024-07-25T21:58:37.668Z; git: cc6f1b74db755fed228b50701ad967aeaa68e83f; jvm 21.0.4+7-LTS
2025-11-27 10:53:04,579 [Start Help Server] INFO  o.e.j.server.handler.ContextHandler - Started oeje8n.ContextHandler$CoreContextHandler@483fefcf{/help,/help,b=null,a=AVAILABLE,h=oeje8n.ContextHandler$CoreContextHandler$CoreToNestedHandler@156b11ac{STARTED}}
2025-11-27 10:53:04,580 [Start Help Server] INFO  o.e.j.s.DefaultSessionIdManager - Session workerName=node0
2025-11-27 10:53:04,629 [Start Help Server] INFO  o.e.jetty.server.AbstractConnector - Started ServerConnector@3d5b3edc{HTTP/1.1, (http/1.1)}{127.0.0.1:60540}
2025-11-27 10:53:04,658 [Start Help Server] INFO  org.eclipse.jetty.server.Server - Started oejs.Server@7e7c3195{STARTING}[12.0.12,sto=0] @695008ms
2025-11-27 11:18:20,339 [Worker-24: Building] INFO  o.a.m.s.f.DefaultMavenResourcesFiltering - Copying 1 resource from src\main\resources to target\classes
2025-11-27 11:18:20,371 [Worker-24: Building] INFO  o.a.m.s.f.DefaultMavenResourcesFiltering - Copying 1 resource from src\main\resources to target\classes
2025-11-27 11:18:20,380 [Worker-24: Building] INFO  o.a.m.s.f.DefaultMavenResourcesFiltering - skip non existing resourceDirectory D:\Career Portal\Backend\CareerPT\src\test\resources
2025-11-27 11:20:57,200 [Worker-20: Building] INFO  o.a.m.s.f.DefaultMavenResourcesFiltering - Copying 1 resource from src\main\resources to target\classes
2025-11-27 11:20:57,211 [Worker-20: Building] INFO  o.a.m.s.f.DefaultMavenResourcesFiltering - Copying 1 resource from src\main\resources to target\classes
2025-11-27 11:20:57,220 [Worker-20: Building] INFO  o.a.m.s.f.DefaultMavenResourcesFiltering - skip non existing resourceDirectory D:\Career Portal\Backend\CareerPT\src\test\resources
2025-11-27 11:21:41,710 [Worker-20: Building] INFO  o.a.m.s.f.DefaultMavenResourcesFiltering - Copying 1 resource from src\main\resources to target\classes
2025-11-27 11:21:41,718 [Worker-20: Building] INFO  o.a.m.s.f.DefaultMavenResourcesFiltering - Copying 1 resource from src\main\resources to target\classes
2025-11-27 11:21:41,725 [Worker-20: Building] INFO  o.a.m.s.f.DefaultMavenResourcesFiltering - skip non existing resourceDirectory D:\Career Portal\Backend\CareerPT\src\test\resources
2025-11-27 11:22:29,451 [Worker-22: Building] INFO  o.a.m.s.f.DefaultMavenResourcesFiltering - Copying 1 resource from src\main\resources to target\classes
2025-11-27 11:22:29,458 [Worker-22: Building] INFO  o.a.m.s.f.DefaultMavenResourcesFiltering - Copying 1 resource from src\main\resources to target\classes
2025-11-27 11:22:29,467 [Worker-22: Building] INFO  o.a.m.s.f.DefaultMavenResourcesFiltering - skip non existing resourceDirectory D:\Career Portal\Backend\CareerPT\src\test\resources
2025-11-27 13:01:45,484 [Stop Help Server] INFO  org.eclipse.jetty.server.Server - Stopped oejs.Server@7e7c3195{STOPPING}[12.0.12,sto=0]
2025-11-27 13:01:45,508 [Stop Help Server] INFO  o.e.jetty.server.AbstractConnector - Stopped ServerConnector@3d5b3edc{HTTP/1.1, (http/1.1)}{127.0.0.1:0}
2025-11-27 14:24:12,100 [Worker-1: Loading available Gradle versions] INFO  o.e.b.c.i.u.g.PublishedGradleVersions - Gradle version information cache is up-to-date. Trying to read.
2025-11-27 14:44:26,957 [Worker-20: Building] INFO  o.a.m.s.f.DefaultMavenResourcesFiltering - Copying 1 resource from src\main\resources to target\classes
2025-11-27 14:44:26,999 [Worker-20: Building] INFO  o.a.m.s.f.DefaultMavenResourcesFiltering - Copying 1 resource from src\main\resources to target\classes
2025-11-27 14:44:27,008 [Worker-20: Building] INFO  o.a.m.s.f.DefaultMavenResourcesFiltering - skip non existing resourceDirectory D:\Career Portal\Backend\CareerPT\src\test\resources
2025-11-27 14:44:52,953 [Worker-20: Building] INFO  o.a.m.s.f.DefaultMavenResourcesFiltering - Copying 1 resource from src\main\resources to target\classes
2025-11-27 14:44:52,958 [Worker-20: Building] INFO  o.a.m.s.f.DefaultMavenResourcesFiltering - Copying 1 resource from src\main\resources to target\classes
2025-11-27 14:44:52,964 [Worker-20: Building] INFO  o.a.m.s.f.DefaultMavenResourcesFiltering - skip non existing resourceDirectory D:\Career Portal\Backend\CareerPT\src\test\resources
2025-11-27 14:52:16,568 [Start Help Server] INFO  org.eclipse.jetty.server.Server - jetty-12.0.12; built: 2024-07-25T21:58:37.668Z; git: cc6f1b74db755fed228b50701ad967aeaa68e83f; jvm 21.0.4+7-LTS
2025-11-27 14:52:16,654 [Start Help Server] INFO  o.e.j.server.handler.ContextHandler - Started oeje8n.ContextHandler$CoreContextHandler@69b6ae43{/help,/help,b=null,a=AVAILABLE,h=oeje8n.ContextHandler$CoreContextHandler$CoreToNestedHandler@b78a694{STARTED}}
2025-11-27 14:52:16,656 [Start Help Server] INFO  o.e.j.s.DefaultSessionIdManager - Session workerName=node0
2025-11-27 14:52:16,725 [Start Help Server] INFO  o.e.jetty.server.AbstractConnector - Started ServerConnector@577e2c98{HTTP/1.1, (http/1.1)}{127.0.0.1:63093}
2025-11-27 14:52:16,766 [Start Help Server] INFO  org.eclipse.jetty.server.Server - Started oejs.Server@657d54dd{STARTING}[12.0.12,sto=0] @1738298ms
2025-11-27 15:00:11,702 [Worker-25: Building] INFO  o.a.m.s.f.DefaultMavenResourcesFiltering - Copying 1 resource from src\main\resources to target\classes
2025-11-27 15:00:11,734 [Worker-25: Building] INFO  o.a.m.s.f.DefaultMavenResourcesFiltering - Copying 1 resource from src\main\resources to target\classes
2025-11-27 15:00:11,744 [Worker-25: Building] INFO  o.a.m.s.f.DefaultMavenResourcesFiltering - skip non existing resourceDirectory D:\Career Portal\Backend\CareerPT\src\test\resources
2025-11-27 15:00:19,409 [Worker-19: Building] INFO  o.a.m.s.f.DefaultMavenResourcesFiltering - Copying 1 resource from src\main\resources to target\classes
2025-11-27 15:00:19,421 [Worker-19: Building] INFO  o.a.m.s.f.DefaultMavenResourcesFiltering - Copying 1 resource from src\main\resources to target\classes
2025-11-27 15:00:19,430 [Worker-19: Building] INFO  o.a.m.s.f.DefaultMavenResourcesFiltering - skip non existing resourceDirectory D:\Career Portal\Backend\CareerPT\src\test\resources
2025-11-27 18:01:47,788 [Worker-35: Building] INFO  o.a.m.s.f.DefaultMavenResourcesFiltering - Copying 1 resource from src\main\resources to target\classes
2025-11-27 18:01:47,840 [Worker-35: Building] INFO  o.a.m.s.f.DefaultMavenResourcesFiltering - Copying 1 resource from src\main\resources to target\classes
2025-11-27 18:01:47,893 [Worker-35: Building] INFO  o.a.m.s.f.DefaultMavenResourcesFiltering - skip non existing resourceDirectory D:\Career Portal\Backend\CareerPT\src\test\resources
2025-11-27 18:01:50,490 [Stop Help Server] INFO  org.eclipse.jetty.server.Server - Stopped oejs.Server@657d54dd{STOPPING}[12.0.12,sto=0]
2025-11-27 18:01:50,498 [Stop Help Server] INFO  o.e.jetty.server.AbstractConnector - Stopped ServerConnector@577e2c98{HTTP/1.1, (http/1.1)}{127.0.0.1:0}
2025-11-28 11:10:17,229 [Worker-2: Loading available Gradle versions] INFO  o.e.b.c.i.u.g.PublishedGradleVersions - Gradle version information cache is out-of-date. Trying to update.
2025-11-28 11:26:06,591 [Start Help Server] INFO  org.eclipse.jetty.server.Server - jetty-12.0.12; built: 2024-07-25T21:58:37.668Z; git: cc6f1b74db755fed228b50701ad967aeaa68e83f; jvm 21.0.4+7-LTS
2025-11-28 11:26:06,676 [Start Help Server] INFO  o.e.j.server.handler.ContextHandler - Started oeje8n.ContextHandler$CoreContextHandler@4fddcf72{/help,/help,b=null,a=AVAILABLE,h=oeje8n.ContextHandler$CoreContextHandler$CoreToNestedHandler@7c0b63f5{STARTED}}
2025-11-28 11:26:06,677 [Start Help Server] INFO  o.e.j.s.DefaultSessionIdManager - Session workerName=node0
2025-11-28 11:26:06,734 [Start Help Server] INFO  o.e.jetty.server.AbstractConnector - Started ServerConnector@2424a0d2{HTTP/1.1, (http/1.1)}{127.0.0.1:52835}
2025-11-28 11:26:06,772 [Start Help Server] INFO  org.eclipse.jetty.server.Server - Started oejs.Server@4f81ff{STARTING}[12.0.12,sto=0] @1111937ms
2025-11-28 11:26:40,893 [Worker-7: Building] INFO  o.a.m.s.f.DefaultMavenResourcesFiltering - Copying 1 resource from src\main\resources to target\classes
2025-11-28 11:26:40,922 [Worker-7: Building] INFO  o.a.m.s.f.DefaultMavenResourcesFiltering - Copying 1 resource from src\main\resources to target\classes
2025-11-28 11:26:40,932 [Worker-7: Building] INFO  o.a.m.s.f.DefaultMavenResourcesFiltering - skip non existing resourceDirectory D:\Career Portal\Backend\CareerPT\src\test\resources
2025-11-28 11:26:43,227 [Worker-18: Building] INFO  o.a.m.s.f.DefaultMavenResourcesFiltering - Copying 1 resource from src\main\resources to target\classes
2025-11-28 11:26:43,231 [Worker-18: Building] INFO  o.a.m.s.f.DefaultMavenResourcesFiltering - Copying 1 resource from src\main\resources to target\classes
2025-11-28 11:26:43,234 [Worker-18: Building] INFO  o.a.m.s.f.DefaultMavenResourcesFiltering - skip non existing resourceDirectory D:\Career Portal\Backend\CareerPT\src\test\resources
2025-11-28 11:26:57,449 [Worker-17: Building] INFO  o.a.m.s.f.DefaultMavenResourcesFiltering - Copying 1 resource from src\main\resources to target\classes
2025-11-28 11:26:57,462 [Worker-17: Building] INFO  o.a.m.s.f.DefaultMavenResourcesFiltering - Copying 1 resource from src\main\resources to target\classes
2025-11-28 11:26:57,472 [Worker-17: Building] INFO  o.a.m.s.f.DefaultMavenResourcesFiltering - skip non existing resourceDirectory D:\Career Portal\Backend\CareerPT\src\test\resources
2025-11-28 11:35:29,471 [Worker-7: Building] INFO  o.a.m.s.f.DefaultMavenResourcesFiltering - Copying 1 resource from src\main\resources to target\classes
2025-11-28 11:35:29,487 [Worker-7: Building] INFO  o.a.m.s.f.DefaultMavenResourcesFiltering - Copying 0 resource from src\main\resources to target\classes
2025-11-28 11:35:29,497 [Worker-7: Building] INFO  o.a.m.s.f.DefaultMavenResourcesFiltering - skip non existing resourceDirectory D:\Career Portal\Backend\CareerPT\src\test\resources
2025-11-28 11:40:49,241 [Worker-22: Building] INFO  o.a.m.s.f.DefaultMavenResourcesFiltering - Copying 1 resource from src\main\resources to target\classes
2025-11-28 11:40:49,251 [Worker-22: Building] INFO  o.a.m.s.f.DefaultMavenResourcesFiltering - Copying 0 resource from src\main\resources to target\classes
2025-11-28 11:40:49,259 [Worker-22: Building] INFO  o.a.m.s.f.DefaultMavenResourcesFiltering - skip non existing resourceDirectory D:\Career Portal\Backend\CareerPT\src\test\resources
2025-11-28 11:45:42,633 [Worker-25: Building] INFO  o.a.m.s.f.DefaultMavenResourcesFiltering - Copying 1 resource from src\main\resources to target\classes
2025-11-28 11:45:42,649 [Worker-25: Building] INFO  o.a.m.s.f.DefaultMavenResourcesFiltering - Copying 1 resource from src\main\resources to target\classes
2025-11-28 11:45:42,655 [Worker-25: Building] INFO  o.a.m.s.f.DefaultMavenResourcesFiltering - skip non existing resourceDirectory D:\Career Portal\Backend\CareerPT\src\test\resources
2025-11-28 11:46:22,504 [Worker-25: Building] INFO  o.a.m.s.f.DefaultMavenResourcesFiltering - Copying 1 resource from src\main\resources to target\classes
2025-11-28 11:46:22,509 [Worker-25: Building] INFO  o.a.m.s.f.DefaultMavenResourcesFiltering - Copying 1 resource from src\main\resources to target\classes
2025-11-28 11:46:22,513 [Worker-25: Building] INFO  o.a.m.s.f.DefaultMavenResourcesFiltering - skip non existing resourceDirectory D:\Career Portal\Backend\CareerPT\src\test\resources
2025-11-28 11:47:53,887 [Worker-23: Building] INFO  o.a.m.s.f.DefaultMavenResourcesFiltering - Copying 1 resource from src\main\resources to target\classes
2025-11-28 11:47:53,892 [Worker-23: Building] INFO  o.a.m.s.f.DefaultMavenResourcesFiltering - Copying 1 resource from src\main\resources to target\classes
2025-11-28 11:47:53,896 [Worker-23: Building] INFO  o.a.m.s.f.DefaultMavenResourcesFiltering - skip non existing resourceDirectory D:\Career Portal\Backend\CareerPT\src\test\resources
2025-11-28 12:10:03,872 [Worker-39: Building] INFO  o.a.m.s.f.DefaultMavenResourcesFiltering - Copying 1 resource from src\main\resources to target\classes
2025-11-28 12:10:03,894 [Worker-39: Building] INFO  o.a.m.s.f.DefaultMavenResourcesFiltering - Copying 0 resource from src\main\resources to target\classes
2025-11-28 12:10:03,896 [Worker-39: Building] INFO  o.a.m.s.f.DefaultMavenResourcesFiltering - skip non existing resourceDirectory D:\Career Portal\Backend\CareerPT\src\test\resources
2025-11-28 12:11:03,297 [Worker-39: Building] INFO  o.a.m.s.f.DefaultMavenResourcesFiltering - Copying 1 resource from src\main\resources to target\classes
2025-11-28 12:11:03,302 [Worker-39: Building] INFO  o.a.m.s.f.DefaultMavenResourcesFiltering - Copying 1 resource from src\main\resources to target\classes
2025-11-28 12:11:03,306 [Worker-39: Building] INFO  o.a.m.s.f.DefaultMavenResourcesFiltering - skip non existing resourceDirectory D:\Career Portal\Backend\CareerPT\src\test\resources
2025-11-28 12:12:00,247 [Worker-40: Building] INFO  o.a.m.s.f.DefaultMavenResourcesFiltering - Copying 1 resource from src\main\resources to target\classes
2025-11-28 12:12:00,253 [Worker-40: Building] INFO  o.a.m.s.f.DefaultMavenResourcesFiltering - Copying 0 resource from src\main\resources to target\classes
2025-11-28 12:12:00,256 [Worker-40: Building] INFO  o.a.m.s.f.DefaultMavenResourcesFiltering - skip non existing resourceDirectory D:\Career Portal\Backend\CareerPT\src\test\resources
2025-11-28 12:19:07,128 [Worker-46: Building] INFO  o.a.m.s.f.DefaultMavenResourcesFiltering - Copying 1 resource from src\main\resources to target\classes
2025-11-28 12:19:07,200 [Worker-46: Building] INFO  o.a.m.s.f.DefaultMavenResourcesFiltering - Copying 0 resource from src\main\resources to target\classes
2025-11-28 12:19:07,210 [Worker-46: Building] INFO  o.a.m.s.f.DefaultMavenResourcesFiltering - skip non existing resourceDirectory D:\Career Portal\Backend\CareerPT\src\test\resources
2025-11-28 12:22:13,163 [Worker-48: Building] INFO  o.a.m.s.f.DefaultMavenResourcesFiltering - Copying 1 resource from src\main\resources to target\classes
2025-11-28 12:22:13,192 [Worker-48: Building] INFO  o.a.m.s.f.DefaultMavenResourcesFiltering - Copying 1 resource from src\main\resources to target\classes
2025-11-28 12:22:13,198 [Worker-48: Building] INFO  o.a.m.s.f.DefaultMavenResourcesFiltering - skip non existing resourceDirectory D:\Career Portal\Backend\CareerPT\src\test\resources
2025-11-28 12:36:15,719 [Worker-52: Building] INFO  o.a.m.s.f.DefaultMavenResourcesFiltering - Copying 1 resource from src\main\resources to target\classes
2025-11-28 12:36:15,755 [Worker-52: Building] INFO  o.a.m.s.f.DefaultMavenResourcesFiltering - Copying 1 resource from src\main\resources to target\classes
2025-11-28 12:36:15,762 [Worker-52: Building] INFO  o.a.m.s.f.DefaultMavenResourcesFiltering - skip non existing resourceDirectory D:\Career Portal\Backend\CareerPT\src\test\resources
2025-11-28 12:39:10,320 [Worker-58: Building] INFO  o.a.m.s.f.DefaultMavenResourcesFiltering - Copying 1 resource from src\main\resources to target\classes
2025-11-28 12:39:10,329 [Worker-58: Building] INFO  o.a.m.s.f.DefaultMavenResourcesFiltering - Copying 1 resource from src\main\resources to target\classes
2025-11-28 12:39:10,336 [Worker-58: Building] INFO  o.a.m.s.f.DefaultMavenResourcesFiltering - skip non existing resourceDirectory D:\Career Portal\Backend\CareerPT\src\test\resources
2025-11-28 12:40:06,245 [Worker-56: Building] INFO  o.a.m.s.f.DefaultMavenResourcesFiltering - Copying 1 resource from src\main\resources to target\classes
2025-11-28 12:40:06,251 [Worker-56: Building] INFO  o.a.m.s.f.DefaultMavenResourcesFiltering - Copying 1 resource from src\main\resources to target\classes
2025-11-28 12:40:06,256 [Worker-56: Building] INFO  o.a.m.s.f.DefaultMavenResourcesFiltering - skip non existing resourceDirectory D:\Career Portal\Backend\CareerPT\src\test\resources
2025-11-28 12:47:16,229 [Worker-67: Building] INFO  o.a.m.s.f.DefaultMavenResourcesFiltering - Copying 1 resource from src\main\resources to target\classes
2025-11-28 12:47:16,276 [Worker-67: Building] INFO  o.a.m.s.f.DefaultMavenResourcesFiltering - Copying 1 resource from src\main\resources to target\classes
2025-11-28 12:47:16,282 [Worker-67: Building] INFO  o.a.m.s.f.DefaultMavenResourcesFiltering - skip non existing resourceDirectory D:\Career Portal\Backend\CareerPT\src\test\resources
2025-11-28 12:54:50,234 [Worker-71: Building] INFO  o.a.m.s.f.DefaultMavenResourcesFiltering - Copying 1 resource from src\main\resources to target\classes
2025-11-28 12:54:50,257 [Worker-71: Building] INFO  o.a.m.s.f.DefaultMavenResourcesFiltering - Copying 1 resource from src\main\resources to target\classes
2025-11-28 12:54:50,263 [Worker-71: Building] INFO  o.a.m.s.f.DefaultMavenResourcesFiltering - skip non existing resourceDirectory D:\Career Portal\Backend\CareerPT\src\test\resources
2025-11-28 13:20:11,807 [Stop Help Server] INFO  org.eclipse.jetty.server.Server - Stopped oejs.Server@4f81ff{STOPPING}[12.0.12,sto=0]
2025-11-28 13:20:11,844 [Stop Help Server] INFO  o.e.jetty.server.AbstractConnector - Stopped ServerConnector@2424a0d2{HTTP/1.1, (http/1.1)}{127.0.0.1:0}
2025-11-28 18:18:37,484 [Worker-6: Loading available Gradle versions] INFO  o.e.b.c.i.u.g.PublishedGradleVersions - Gradle version information cache is up-to-date. Trying to read.
2025-12-01 11:51:14,594 [Worker-6: Loading available Gradle versions] INFO  o.e.b.c.i.u.g.PublishedGradleVersions - Gradle version information cache is out-of-date. Trying to update.
2025-12-04 10:42:34,464 [Worker-4: Loading available Gradle versions] INFO  o.e.b.c.i.u.g.PublishedGradleVersions - Gradle version information cache is out-of-date. Trying to update.
2025-12-04 10:42:35,346 [Worker-4: Loading available Gradle versions] INFO  o.e.b.c.i.u.g.PublishedGradleVersions - Updating Gradle version information cache failed. Using outdated cache.
2025-12-04 12:20:26,470 [Start Help Server] INFO  org.eclipse.jetty.server.Server - jetty-12.0.12; built: 2024-07-25T21:58:37.668Z; git: cc6f1b74db755fed228b50701ad967aeaa68e83f; jvm 21.0.4+7-LTS
2025-12-04 12:20:26,574 [Start Help Server] INFO  o.e.j.server.handler.ContextHandler - Started oeje8n.ContextHandler$CoreContextHandler@4f35a564{/help,/help,b=null,a=AVAILABLE,h=oeje8n.ContextHandler$CoreContextHandler$CoreToNestedHandler@385eceed{STARTED}}
2025-12-04 12:20:26,575 [Start Help Server] INFO  o.e.j.s.DefaultSessionIdManager - Session workerName=node0
2025-12-04 12:20:26,621 [Start Help Server] INFO  o.e.jetty.server.AbstractConnector - Started ServerConnector@414eff10{HTTP/1.1, (http/1.1)}{127.0.0.1:51132}
2025-12-04 12:20:26,649 [Start Help Server] INFO  org.eclipse.jetty.server.Server - Started oejs.Server@11bd4b2c{STARTING}[12.0.12,sto=0] @5914856ms
2025-12-04 12:20:41,040 [Worker-26: Building] INFO  o.a.m.s.f.DefaultMavenResourcesFiltering - Copying 1 resource from src\main\resources to target\classes
2025-12-04 12:20:41,065 [Worker-26: Building] INFO  o.a.m.s.f.DefaultMavenResourcesFiltering - Copying 1 resource from src\main\resources to target\classes
2025-12-04 12:20:41,072 [Worker-26: Building] INFO  o.a.m.s.f.DefaultMavenResourcesFiltering - Copying 0 resource from src\test\resources to target\test-classes
2025-12-04 12:20:44,893 [Worker-26: Building] INFO  o.a.m.s.f.DefaultMavenResourcesFiltering - Copying 1 resource from src\main\resources to target\classes
2025-12-04 12:20:44,913 [Worker-26: Building] INFO  o.a.m.s.f.DefaultMavenResourcesFiltering - Copying 1 resource from src\main\resources to target\classes
2025-12-04 12:20:44,927 [Worker-26: Building] INFO  o.a.m.s.f.DefaultMavenResourcesFiltering - skip non existing resourceDirectory D:\Career Portal\Backend\CareerPT\src\test\resources
2025-12-04 12:59:01,697 [Worker-31: Building] INFO  o.a.m.s.f.DefaultMavenResourcesFiltering - Copying 1 resource from src\main\resources to target\classes
2025-12-04 12:59:01,729 [Worker-31: Building] INFO  o.a.m.s.f.DefaultMavenResourcesFiltering - Copying 1 resource from src\main\resources to target\classes
2025-12-04 12:59:01,736 [Worker-31: Building] INFO  o.a.m.s.f.DefaultMavenResourcesFiltering - skip non existing resourceDirectory D:\Career Portal\Backend\CareerPT\src\test\resources
2025-12-04 12:59:19,295 [Worker-31: Building] INFO  o.a.m.s.f.DefaultMavenResourcesFiltering - Copying 1 resource from src\main\resources to target\classes
2025-12-04 12:59:19,342 [Worker-31: Building] INFO  o.a.m.s.f.DefaultMavenResourcesFiltering - Copying 1 resource from src\main\resources to target\classes
2025-12-04 12:59:19,353 [Worker-31: Building] INFO  o.a.m.s.f.DefaultMavenResourcesFiltering - skip non existing resourceDirectory D:\Career Portal\Backend\CareerPT\src\test\resources
2025-12-04 12:59:45,858 [Worker-33: Building] INFO  o.a.m.s.f.DefaultMavenResourcesFiltering - Copying 1 resource from src\main\resources to target\classes
2025-12-04 12:59:45,867 [Worker-33: Building] INFO  o.a.m.s.f.DefaultMavenResourcesFiltering - Copying 1 resource from src\main\resources to target\classes
2025-12-04 12:59:45,872 [Worker-33: Building] INFO  o.a.m.s.f.DefaultMavenResourcesFiltering - skip non existing resourceDirectory D:\Career Portal\Backend\CareerPT\src\test\resources
2025-12-04 13:13:21,697 [Stop Help Server] INFO  org.eclipse.jetty.server.Server - Stopped oejs.Server@11bd4b2c{STOPPING}[12.0.12,sto=0]
2025-12-04 13:13:21,739 [Stop Help Server] INFO  o.e.jetty.server.AbstractConnector - Stopped ServerConnector@414eff10{HTTP/1.1, (http/1.1)}{127.0.0.1:0}
2025-12-04 14:25:39,224 [Worker-4: Loading available Gradle versions] INFO  o.e.b.c.i.u.g.PublishedGradleVersions - Gradle version information cache is out-of-date. Trying to update.
2025-12-04 17:28:48,009 [Worker-4: Loading available Gradle versions] INFO  o.e.b.c.i.u.g.PublishedGradleVersions - Gradle version information cache is up-to-date. Trying to read.
2025-12-06 12:05:46,550 [Worker-6: Loading available Gradle versions] INFO  o.e.b.c.i.u.g.PublishedGradleVersions - Gradle version information cache is out-of-date. Trying to update.
2025-12-08 11:19:25,977 [Worker-2: Loading available Gradle versions] INFO  o.e.b.c.i.u.g.PublishedGradleVersions - Gradle version information cache is out-of-date. Trying to update.
2025-12-08 11:21:21,985 [Worker-1: Launching CareerPT - CareerPtApplication] INFO  o.a.m.s.f.DefaultMavenResourcesFiltering - Copying 1 resource from src\main\resources to target\classes
2025-12-08 11:21:22,018 [Worker-1: Launching CareerPT - CareerPtApplication] INFO  o.a.m.s.f.DefaultMavenResourcesFiltering - Copying 1 resource from src\main\resources to target\classes
2025-12-08 11:21:22,026 [Worker-1: Launching CareerPT - CareerPtApplication] INFO  o.a.m.s.f.DefaultMavenResourcesFiltering - skip non existing resourceDirectory D:\Career Portal\Backend\CareerPT\src\test\resources
2025-12-08 11:21:27,983 [Worker-12: Building] INFO  o.a.m.s.f.DefaultMavenResourcesFiltering - Copying 1 resource from src\main\resources to target\classes
2025-12-08 11:21:28,005 [Worker-12: Building] INFO  o.a.m.s.f.DefaultMavenResourcesFiltering - Copying 1 resource from src\main\resources to target\classes
2025-12-08 11:21:28,013 [Worker-12: Building] INFO  o.a.m.s.f.DefaultMavenResourcesFiltering - Copying 0 resource from src\test\resources to target\test-classes
2025-12-09 08:50:50,821 [Worker-6: Loading available Gradle versions] INFO  o.e.b.c.i.u.g.PublishedGradleVersions - Gradle version information cache is up-to-date. Trying to read.
2025-12-09 11:26:40,883 [Start Help Server] INFO  org.eclipse.jetty.server.Server - jetty-12.0.12; built: 2024-07-25T21:58:37.668Z; git: cc6f1b74db755fed228b50701ad967aeaa68e83f; jvm 21.0.4+7-LTS
2025-12-09 11:26:40,970 [Start Help Server] INFO  o.e.j.server.handler.ContextHandler - Started oeje8n.ContextHandler$CoreContextHandler@11c542{/help,/help,b=null,a=AVAILABLE,h=oeje8n.ContextHandler$CoreContextHandler$CoreToNestedHandler@440786b{STARTED}}
2025-12-09 11:26:40,971 [Start Help Server] INFO  o.e.j.s.DefaultSessionIdManager - Session workerName=node0
2025-12-09 11:26:41,045 [Start Help Server] INFO  o.e.jetty.server.AbstractConnector - Started ServerConnector@3159180d{HTTP/1.1, (http/1.1)}{127.0.0.1:65529}
2025-12-09 11:26:41,077 [Start Help Server] INFO  org.eclipse.jetty.server.Server - Started oejs.Server@73a8c45c{STARTING}[12.0.12,sto=0] @9396978ms
2025-12-09 11:29:28,980 [Worker-22: Building] INFO  o.a.m.s.f.DefaultMavenResourcesFiltering - Copying 1 resource from src\main\resources to target\classes
2025-12-09 11:29:28,998 [Worker-22: Building] INFO  o.a.m.s.f.DefaultMavenResourcesFiltering - Copying 1 resource from src\main\resources to target\classes
2025-12-09 11:29:29,006 [Worker-22: Building] INFO  o.a.m.s.f.DefaultMavenResourcesFiltering - skip non existing resourceDirectory D:\Career Portal\Backend\CareerPT\src\test\resources
2025-12-09 12:33:31,988 [Stop Help Server] INFO  org.eclipse.jetty.server.Server - Stopped oejs.Server@73a8c45c{STOPPING}[12.0.12,sto=0]
2025-12-09 12:33:32,004 [Stop Help Server] INFO  o.e.jetty.server.AbstractConnector - Stopped ServerConnector@3159180d{HTTP/1.1, (http/1.1)}{127.0.0.1:0}
2025-12-13 12:20:09,588 [Worker-6: Loading available Gradle versions] INFO  o.e.b.c.i.u.g.PublishedGradleVersions - Gradle version information cache is out-of-date. Trying to update.
2025-12-13 12:23:49,385 [Worker-4: Building] INFO  o.a.m.s.f.DefaultMavenResourcesFiltering - Copying 1 resource from src\main\resources to target\classes
2025-12-13 12:23:49,416 [Worker-4: Building] INFO  o.a.m.s.f.DefaultMavenResourcesFiltering - Copying 1 resource from src\main\resources to target\classes
2025-12-13 12:23:49,421 [Worker-4: Building] INFO  o.a.m.s.f.DefaultMavenResourcesFiltering - skip non existing resourceDirectory D:\Career Portal\Backend\CareerPT\src\test\resources
2025-12-13 12:36:30,024 [Start Help Server] INFO  org.eclipse.jetty.server.Server - jetty-12.0.12; built: 2024-07-25T21:58:37.668Z; git: cc6f1b74db755fed228b50701ad967aeaa68e83f; jvm 21.0.4+7-LTS
2025-12-13 12:36:30,098 [Start Help Server] INFO  o.e.j.server.handler.ContextHandler - Started oeje8n.ContextHandler$CoreContextHandler@bcf26a4{/help,/help,b=null,a=AVAILABLE,h=oeje8n.ContextHandler$CoreContextHandler$CoreToNestedHandler@62abe1c4{STARTED}}
2025-12-13 12:36:30,099 [Start Help Server] INFO  o.e.j.s.DefaultSessionIdManager - Session workerName=node0
2025-12-13 12:36:30,141 [Start Help Server] INFO  o.e.jetty.server.AbstractConnector - Started ServerConnector@3be29ffd{HTTP/1.1, (http/1.1)}{127.0.0.1:64224}
2025-12-13 12:36:30,168 [Start Help Server] INFO  org.eclipse.jetty.server.Server - Started oejs.Server@6924d053{STARTING}[12.0.12,sto=0] @1474230ms
2025-12-13 12:38:12,255 [Worker-15: Building] INFO  o.a.m.s.f.DefaultMavenResourcesFiltering - Copying 1 resource from src\main\resources to target\classes
2025-12-13 12:38:12,268 [Worker-15: Building] INFO  o.a.m.s.f.DefaultMavenResourcesFiltering - Copying 1 resource from src\main\resources to target\classes
2025-12-13 12:38:12,282 [Worker-15: Building] INFO  o.a.m.s.f.DefaultMavenResourcesFiltering - skip non existing resourceDirectory D:\Career Portal\Backend\CareerPT\src\test\resources
2025-12-13 12:42:47,316 [Worker-18: Building] INFO  o.a.m.s.f.DefaultMavenResourcesFiltering - Copying 1 resource from src\main\resources to target\classes
2025-12-13 12:42:47,331 [Worker-18: Building] INFO  o.a.m.s.f.DefaultMavenResourcesFiltering - Copying 1 resource from src\main\resources to target\classes
2025-12-13 12:42:47,341 [Worker-18: Building] INFO  o.a.m.s.f.DefaultMavenResourcesFiltering - skip non existing resourceDirectory D:\Career Portal\Backend\CareerPT\src\test\resources
2025-12-13 12:45:08,569 [Worker-19: Building] INFO  o.a.m.s.f.DefaultMavenResourcesFiltering - Copying 1 resource from src\main\resources to target\classes
2025-12-13 12:45:08,579 [Worker-19: Building] INFO  o.a.m.s.f.DefaultMavenResourcesFiltering - Copying 1 resource from src\main\resources to target\classes
2025-12-13 12:45:08,588 [Worker-19: Building] INFO  o.a.m.s.f.DefaultMavenResourcesFiltering - skip non existing resourceDirectory D:\Career Portal\Backend\CareerPT\src\test\resources
2025-12-13 13:05:04,296 [Worker-22: Building] INFO  o.a.m.s.f.DefaultMavenResourcesFiltering - Copying 1 resource from src\main\resources to target\classes
2025-12-13 13:05:04,311 [Worker-22: Building] INFO  o.a.m.s.f.DefaultMavenResourcesFiltering - Copying 1 resource from src\main\resources to target\classes
2025-12-13 13:05:04,321 [Worker-22: Building] INFO  o.a.m.s.f.DefaultMavenResourcesFiltering - skip non existing resourceDirectory D:\Career Portal\Backend\CareerPT\src\test\resources
2025-12-13 13:05:07,847 [Worker-5: Building] INFO  o.a.m.s.f.DefaultMavenResourcesFiltering - Copying 1 resource from src\main\resources to target\classes
2025-12-13 13:05:07,856 [Worker-5: Building] INFO  o.a.m.s.f.DefaultMavenResourcesFiltering - Copying 1 resource from src\main\resources to target\classes
2025-12-13 13:05:07,864 [Worker-5: Building] INFO  o.a.m.s.f.DefaultMavenResourcesFiltering - skip non existing resourceDirectory D:\Career Portal\Backend\CareerPT\src\test\resources
2025-12-13 13:05:12,142 [Worker-21: Building] INFO  o.a.m.s.f.DefaultMavenResourcesFiltering - Copying 1 resource from src\main\resources to target\classes
2025-12-13 13:05:12,160 [Worker-21: Building] INFO  o.a.m.s.f.DefaultMavenResourcesFiltering - Copying 1 resource from src\main\resources to target\classes
2025-12-13 13:05:12,167 [Worker-21: Building] INFO  o.a.m.s.f.DefaultMavenResourcesFiltering - skip non existing resourceDirectory D:\Career Portal\Backend\CareerPT\src\test\resources
2025-12-13 13:05:40,194 [Worker-5: Building] INFO  o.a.m.s.f.DefaultMavenResourcesFiltering - Copying 1 resource from src\main\resources to target\classes
2025-12-13 13:05:40,202 [Worker-5: Building] INFO  o.a.m.s.f.DefaultMavenResourcesFiltering - Copying 1 resource from src\main\resources to target\classes
2025-12-13 13:05:40,210 [Worker-5: Building] INFO  o.a.m.s.f.DefaultMavenResourcesFiltering - skip non existing resourceDirectory D:\Career Portal\Backend\CareerPT\src\test\resources
2025-12-13 13:41:06,062 [Worker-25: Building] INFO  o.a.m.s.f.DefaultMavenResourcesFiltering - Copying 1 resource from src\main\resources to target\classes
2025-12-13 13:41:06,086 [Worker-25: Building] INFO  o.a.m.s.f.DefaultMavenResourcesFiltering - Copying 1 resource from src\main\resources to target\classes
2025-12-13 13:41:06,090 [Worker-25: Building] INFO  o.a.m.s.f.DefaultMavenResourcesFiltering - skip non existing resourceDirectory D:\Career Portal\Backend\CareerPT\src\test\resources
2025-12-13 13:44:22,265 [Worker-26: Building] INFO  o.a.m.s.f.DefaultMavenResourcesFiltering - Copying 1 resource from src\main\resources to target\classes
2025-12-13 13:44:22,272 [Worker-26: Building] INFO  o.a.m.s.f.DefaultMavenResourcesFiltering - Copying 1 resource from src\main\resources to target\classes
2025-12-13 13:44:22,277 [Worker-26: Building] INFO  o.a.m.s.f.DefaultMavenResourcesFiltering - skip non existing resourceDirectory D:\Career Portal\Backend\CareerPT\src\test\resources
2025-12-13 13:44:34,581 [Worker-25: Building] INFO  o.a.m.s.f.DefaultMavenResourcesFiltering - Copying 1 resource from src\main\resources to target\classes
2025-12-13 13:44:34,590 [Worker-25: Building] INFO  o.a.m.s.f.DefaultMavenResourcesFiltering - Copying 1 resource from src\main\resources to target\classes
2025-12-13 13:44:34,599 [Worker-25: Building] INFO  o.a.m.s.f.DefaultMavenResourcesFiltering - skip non existing resourceDirectory D:\Career Portal\Backend\CareerPT\src\test\resources
2025-12-13 13:45:07,419 [Stop Help Server] INFO  org.eclipse.jetty.server.Server - Stopped oejs.Server@6924d053{STOPPING}[12.0.12,sto=0]
2025-12-13 13:45:07,447 [Stop Help Server] INFO  o.e.jetty.server.AbstractConnector - Stopped ServerConnector@3be29ffd{HTTP/1.1, (http/1.1)}{127.0.0.1:0}
2025-12-13 19:03:43,297 [Worker-4: Loading available Gradle versions] INFO  o.e.b.c.i.u.g.PublishedGradleVersions - Gradle version information cache is up-to-date. Trying to read.
2025-12-13 19:14:43,278 [Worker-18: Building] INFO  o.a.m.s.f.DefaultMavenResourcesFiltering - Copying 1 resource from src\main\resources to target\classes
2025-12-13 19:14:43,312 [Worker-18: Building] INFO  o.a.m.s.f.DefaultMavenResourcesFiltering - Copying 1 resource from src\main\resources to target\classes
2025-12-13 19:14:43,324 [Worker-18: Building] INFO  o.a.m.s.f.DefaultMavenResourcesFiltering - skip non existing resourceDirectory D:\Career Portal\Backend\CareerPT\src\test\resources
2025-12-13 19:14:46,412 [Worker-14: Building] INFO  o.a.m.s.f.DefaultMavenResourcesFiltering - Copying 1 resource from src\main\resources to target\classes
2025-12-13 19:14:46,425 [Worker-14: Building] INFO  o.a.m.s.f.DefaultMavenResourcesFiltering - Copying 1 resource from src\main\resources to target\classes
2025-12-13 19:14:46,433 [Worker-14: Building] INFO  o.a.m.s.f.DefaultMavenResourcesFiltering - skip non existing resourceDirectory D:\Career Portal\Backend\CareerPT\src\test\resources
2025-12-13 19:15:25,305 [Start Help Server] INFO  org.eclipse.jetty.server.Server - jetty-12.0.12; built: 2024-07-25T21:58:37.668Z; git: cc6f1b74db755fed228b50701ad967aeaa68e83f; jvm 21.0.4+7-LTS
2025-12-13 19:15:25,394 [Start Help Server] INFO  o.e.j.server.handler.ContextHandler - Started oeje8n.ContextHandler$CoreContextHandler@52947ac8{/help,/help,b=null,a=AVAILABLE,h=oeje8n.ContextHandler$CoreContextHandler$CoreToNestedHandler@19afe068{STARTED}}
2025-12-13 19:15:25,395 [Start Help Server] INFO  o.e.j.s.DefaultSessionIdManager - Session workerName=node0
2025-12-13 19:15:25,470 [Start Help Server] INFO  o.e.jetty.server.AbstractConnector - Started ServerConnector@568a097a{HTTP/1.1, (http/1.1)}{127.0.0.1:55684}
2025-12-13 19:15:25,506 [Start Help Server] INFO  org.eclipse.jetty.server.Server - Started oejs.Server@2865e39a{STARTING}[12.0.12,sto=0] @861936ms
2025-12-13 19:30:01,222 [Worker-22: Building] INFO  o.a.m.s.f.DefaultMavenResourcesFiltering - Copying 1 resource from src\main\resources to target\classes
2025-12-13 19:30:01,240 [Worker-22: Building] INFO  o.a.m.s.f.DefaultMavenResourcesFiltering - Copying 1 resource from src\main\resources to target\classes
2025-12-13 19:30:01,253 [Worker-22: Building] INFO  o.a.m.s.f.DefaultMavenResourcesFiltering - skip non existing resourceDirectory D:\Career Portal\Backend\CareerPT\src\test\resources
2025-12-13 19:32:07,809 [Worker-18: Building] INFO  o.a.m.s.f.DefaultMavenResourcesFiltering - Copying 1 resource from src\main\resources to target\classes
2025-12-13 19:32:07,821 [Worker-18: Building] INFO  o.a.m.s.f.DefaultMavenResourcesFiltering - Copying 1 resource from src\main\resources to target\classes
2025-12-13 19:32:07,831 [Worker-18: Building] INFO  o.a.m.s.f.DefaultMavenResourcesFiltering - skip non existing resourceDirectory D:\Career Portal\Backend\CareerPT\src\test\resources
2025-12-13 19:35:25,536 [Worker-24: Building] INFO  o.a.m.s.f.DefaultMavenResourcesFiltering - Copying 1 resource from src\main\resources to target\classes
2025-12-13 19:35:25,548 [Worker-24: Building] INFO  o.a.m.s.f.DefaultMavenResourcesFiltering - Copying 1 resource from src\main\resources to target\classes
2025-12-13 19:35:25,559 [Worker-24: Building] INFO  o.a.m.s.f.DefaultMavenResourcesFiltering - skip non existing resourceDirectory D:\Career Portal\Backend\CareerPT\src\test\resources
2025-12-13 19:45:29,838 [Worker-25: Building] INFO  o.a.m.s.f.DefaultMavenResourcesFiltering - Copying 1 resource from src\main\resources to target\classes
2025-12-13 19:45:29,843 [Worker-25: Building] INFO  o.a.m.s.f.DefaultMavenResourcesFiltering - Copying 1 resource from src\main\resources to target\classes
2025-12-13 19:45:29,848 [Worker-25: Building] INFO  o.a.m.s.f.DefaultMavenResourcesFiltering - skip non existing resourceDirectory D:\Career Portal\Backend\CareerPT\src\test\resources
2025-12-13 19:45:31,850 [Worker-22: Building] INFO  o.a.m.s.f.DefaultMavenResourcesFiltering - Copying 1 resource from src\main\resources to target\classes
2025-12-13 19:45:31,854 [Worker-22: Building] INFO  o.a.m.s.f.DefaultMavenResourcesFiltering - Copying 1 resource from src\main\resources to target\classes
2025-12-13 19:45:31,858 [Worker-22: Building] INFO  o.a.m.s.f.DefaultMavenResourcesFiltering - skip non existing resourceDirectory D:\Career Portal\Backend\CareerPT\src\test\resources
2025-12-13 19:45:44,190 [Worker-22: Building] INFO  o.a.m.s.f.DefaultMavenResourcesFiltering - Copying 1 resource from src\main\resources to target\classes
2025-12-13 19:45:44,196 [Worker-22: Building] INFO  o.a.m.s.f.DefaultMavenResourcesFiltering - Copying 1 resource from src\main\resources to target\classes
2025-12-13 19:45:44,199 [Worker-22: Building] INFO  o.a.m.s.f.DefaultMavenResourcesFiltering - skip non existing resourceDirectory D:\Career Portal\Backend\CareerPT\src\test\resources
2025-12-13 20:09:22,571 [Worker-32: Building] INFO  o.a.m.s.f.DefaultMavenResourcesFiltering - Copying 1 resource from src\main\resources to target\classes
2025-12-13 20:09:22,592 [Worker-32: Building] INFO  o.a.m.s.f.DefaultMavenResourcesFiltering - Copying 1 resource from src\main\resources to target\classes
2025-12-13 20:09:22,599 [Worker-32: Building] INFO  o.a.m.s.f.DefaultMavenResourcesFiltering - skip non existing resourceDirectory D:\Career Portal\Backend\CareerPT\src\test\resources
2025-12-13 20:10:00,614 [Worker-32: Building] INFO  o.a.m.s.f.DefaultMavenResourcesFiltering - Copying 1 resource from src\main\resources to target\classes
2025-12-13 20:10:00,628 [Worker-32: Building] INFO  o.a.m.s.f.DefaultMavenResourcesFiltering - Copying 1 resource from src\main\resources to target\classes
2025-12-13 20:10:00,640 [Worker-32: Building] INFO  o.a.m.s.f.DefaultMavenResourcesFiltering - skip non existing resourceDirectory D:\Career Portal\Backend\CareerPT\src\test\resources
2025-12-13 20:10:40,893 [Worker-32: Building] INFO  o.a.m.s.f.DefaultMavenResourcesFiltering - Copying 1 resource from src\main\resources to target\classes
2025-12-13 20:10:40,902 [Worker-32: Building] INFO  o.a.m.s.f.DefaultMavenResourcesFiltering - Copying 1 resource from src\main\resources to target\classes
2025-12-13 20:10:40,909 [Worker-32: Building] INFO  o.a.m.s.f.DefaultMavenResourcesFiltering - skip non existing resourceDirectory D:\Career Portal\Backend\CareerPT\src\test\resources
2025-12-13 20:11:46,652 [Worker-33: Building] INFO  o.a.m.s.f.DefaultMavenResourcesFiltering - Copying 1 resource from src\main\resources to target\classes
2025-12-13 20:11:46,664 [Worker-33: Building] INFO  o.a.m.s.f.DefaultMavenResourcesFiltering - Copying 1 resource from src\main\resources to target\classes
2025-12-13 20:11:46,671 [Worker-33: Building] INFO  o.a.m.s.f.DefaultMavenResourcesFiltering - skip non existing resourceDirectory D:\Career Portal\Backend\CareerPT\src\test\resources
2025-12-13 20:13:36,223 [Worker-36: Building] INFO  o.a.m.s.f.DefaultMavenResourcesFiltering - Copying 1 resource from src\main\resources to target\classes
2025-12-13 20:13:36,233 [Worker-36: Building] INFO  o.a.m.s.f.DefaultMavenResourcesFiltering - Copying 1 resource from src\main\resources to target\classes
2025-12-13 20:13:36,240 [Worker-36: Building] INFO  o.a.m.s.f.DefaultMavenResourcesFiltering - skip non existing resourceDirectory D:\Career Portal\Backend\CareerPT\src\test\resources
2025-12-13 20:16:13,806 [Worker-38: Building] INFO  o.a.m.s.f.DefaultMavenResourcesFiltering - Copying 1 resource from src\main\resources to target\classes
2025-12-13 20:16:13,836 [Worker-38: Building] INFO  o.a.m.s.f.DefaultMavenResourcesFiltering - Copying 1 resource from src\main\resources to target\classes
2025-12-13 20:16:13,848 [Worker-38: Building] INFO  o.a.m.s.f.DefaultMavenResourcesFiltering - skip non existing resourceDirectory D:\Career Portal\Backend\CareerPT\src\test\resources
2025-12-13 20:23:53,591 [Worker-38: Building] INFO  o.a.m.s.f.DefaultMavenResourcesFiltering - Copying 1 resource from src\main\resources to target\classes
2025-12-13 20:23:53,604 [Worker-38: Building] INFO  o.a.m.s.f.DefaultMavenResourcesFiltering - Copying 1 resource from src\main\resources to target\classes
2025-12-13 20:23:53,610 [Worker-38: Building] INFO  o.a.m.s.f.DefaultMavenResourcesFiltering - skip non existing resourceDirectory D:\Career Portal\Backend\CareerPT\src\test\resources
2025-12-13 20:24:02,018 [Worker-40: Building] INFO  o.a.m.s.f.DefaultMavenResourcesFiltering - Copying 1 resource from src\main\resources to target\classes
2025-12-13 20:24:02,030 [Worker-40: Building] INFO  o.a.m.s.f.DefaultMavenResourcesFiltering - Copying 1 resource from src\main\resources to target\classes
2025-12-13 20:24:02,036 [Worker-40: Building] INFO  o.a.m.s.f.DefaultMavenResourcesFiltering - skip non existing resourceDirectory D:\Career Portal\Backend\CareerPT\src\test\resources
2025-12-13 20:24:03,806 [Worker-38: Building] INFO  o.a.m.s.f.DefaultMavenResourcesFiltering - Copying 1 resource from src\main\resources to target\classes
2025-12-13 20:24:03,816 [Worker-38: Building] INFO  o.a.m.s.f.DefaultMavenResourcesFiltering - Copying 1 resource from src\main\resources to target\classes
2025-12-13 20:24:03,824 [Worker-38: Building] INFO  o.a.m.s.f.DefaultMavenResourcesFiltering - skip non existing resourceDirectory D:\Career Portal\Backend\CareerPT\src\test\resources
2025-12-13 20:24:07,873 [Stop Help Server] INFO  org.eclipse.jetty.server.Server - Stopped oejs.Server@2865e39a{STOPPING}[12.0.12,sto=0]
2025-12-13 20:24:07,880 [Stop Help Server] INFO  o.e.jetty.server.AbstractConnector - Stopped ServerConnector@568a097a{HTTP/1.1, (http/1.1)}{127.0.0.1:0}
2025-12-14 19:16:39,766 [Worker-1: Loading available Gradle versions] INFO  o.e.b.c.i.u.g.PublishedGradleVersions - Gradle version information cache is out-of-date. Trying to update.
2025-12-14 19:26:53,250 [Start Help Server] INFO  org.eclipse.jetty.server.Server - jetty-12.0.12; built: 2024-07-25T21:58:37.668Z; git: cc6f1b74db755fed228b50701ad967aeaa68e83f; jvm 21.0.4+7-LTS
2025-12-14 19:26:53,353 [Start Help Server] INFO  o.e.j.server.handler.ContextHandler - Started oeje8n.ContextHandler$CoreContextHandler@32b98be{/help,/help,b=null,a=AVAILABLE,h=oeje8n.ContextHandler$CoreContextHandler$CoreToNestedHandler@2da2789d{STARTED}}
2025-12-14 19:26:53,354 [Start Help Server] INFO  o.e.j.s.DefaultSessionIdManager - Session workerName=node0
2025-12-14 19:26:53,402 [Start Help Server] INFO  o.e.jetty.server.AbstractConnector - Started ServerConnector@79fb5319{HTTP/1.1, (http/1.1)}{127.0.0.1:59229}
2025-12-14 19:26:53,435 [Start Help Server] INFO  org.eclipse.jetty.server.Server - Started oejs.Server@15c2ea93{STARTING}[12.0.12,sto=0] @664140ms
2025-12-14 19:27:11,442 [Worker-17: Building] INFO  o.a.m.s.f.DefaultMavenResourcesFiltering - Copying 1 resource from src\main\resources to target\classes
2025-12-14 19:27:11,472 [Worker-17: Building] INFO  o.a.m.s.f.DefaultMavenResourcesFiltering - Copying 1 resource from src\main\resources to target\classes
2025-12-14 19:27:11,479 [Worker-17: Building] INFO  o.a.m.s.f.DefaultMavenResourcesFiltering - skip non existing resourceDirectory D:\Career Portal\Backend\CareerPT\src\test\resources
2025-12-14 19:27:13,837 [Worker-14: Building] INFO  o.a.m.s.f.DefaultMavenResourcesFiltering - Copying 1 resource from src\main\resources to target\classes
2025-12-14 19:27:13,849 [Worker-14: Building] INFO  o.a.m.s.f.DefaultMavenResourcesFiltering - Copying 1 resource from src\main\resources to target\classes
2025-12-14 19:27:13,874 [Worker-14: Building] INFO  o.a.m.s.f.DefaultMavenResourcesFiltering - skip non existing resourceDirectory D:\Career Portal\Backend\CareerPT\src\test\resources
2025-12-14 19:37:52,456 [Worker-18: Building] INFO  o.a.m.s.f.DefaultMavenResourcesFiltering - Copying 1 resource from src\main\resources to target\classes
2025-12-14 19:37:52,472 [Worker-18: Building] INFO  o.a.m.s.f.DefaultMavenResourcesFiltering - Copying 1 resource from src\main\resources to target\classes
2025-12-14 19:37:52,480 [Worker-18: Building] INFO  o.a.m.s.f.DefaultMavenResourcesFiltering - skip non existing resourceDirectory D:\Career Portal\Backend\CareerPT\src\test\resources
2025-12-14 19:37:55,398 [Worker-18: Building] INFO  o.a.m.s.f.DefaultMavenResourcesFiltering - Copying 1 resource from src\main\resources to target\classes
2025-12-14 19:37:55,416 [Worker-18: Building] INFO  o.a.m.s.f.DefaultMavenResourcesFiltering - Copying 1 resource from src\main\resources to target\classes
2025-12-14 19:37:55,424 [Worker-18: Building] INFO  o.a.m.s.f.DefaultMavenResourcesFiltering - skip non existing resourceDirectory D:\Career Portal\Backend\CareerPT\src\test\resources
2025-12-14 19:42:01,973 [Worker-22: Building] INFO  o.a.m.s.f.DefaultMavenResourcesFiltering - Copying 1 resource from src\main\resources to target\classes
2025-12-14 19:42:01,983 [Worker-22: Building] INFO  o.a.m.s.f.DefaultMavenResourcesFiltering - Copying 1 resource from src\main\resources to target\classes
2025-12-14 19:42:01,992 [Worker-22: Building] INFO  o.a.m.s.f.DefaultMavenResourcesFiltering - skip non existing resourceDirectory D:\Career Portal\Backend\CareerPT\src\test\resources
2025-12-14 19:42:04,840 [Worker-22: Building] INFO  o.a.m.s.f.DefaultMavenResourcesFiltering - Copying 1 resource from src\main\resources to target\classes
2025-12-14 19:42:04,849 [Worker-22: Building] INFO  o.a.m.s.f.DefaultMavenResourcesFiltering - Copying 1 resource from src\main\resources to target\classes
2025-12-14 19:42:04,857 [Worker-22: Building] INFO  o.a.m.s.f.DefaultMavenResourcesFiltering - skip non existing resourceDirectory D:\Career Portal\Backend\CareerPT\src\test\resources
2025-12-14 19:50:38,223 [Worker-29: Building] INFO  o.a.m.s.f.DefaultMavenResourcesFiltering - Copying 1 resource from src\main\resources to target\classes
2025-12-14 19:50:38,231 [Worker-29: Building] INFO  o.a.m.s.f.DefaultMavenResourcesFiltering - Copying 1 resource from src\main\resources to target\classes
2025-12-14 19:50:38,237 [Worker-29: Building] INFO  o.a.m.s.f.DefaultMavenResourcesFiltering - skip non existing resourceDirectory D:\Career Portal\Backend\CareerPT\src\test\resources
2025-12-14 20:00:44,656 [Worker-40: Building] INFO  o.a.m.s.f.DefaultMavenResourcesFiltering - Copying 1 resource from src\main\resources to target\classes
2025-12-14 20:00:44,665 [Worker-40: Building] INFO  o.a.m.s.f.DefaultMavenResourcesFiltering - Copying 1 resource from src\main\resources to target\classes
2025-12-14 20:00:44,674 [Worker-40: Building] INFO  o.a.m.s.f.DefaultMavenResourcesFiltering - skip non existing resourceDirectory D:\Career Portal\Backend\CareerPT\src\test\resources
2025-12-14 20:08:33,191 [Worker-37: Building] INFO  o.a.m.s.f.DefaultMavenResourcesFiltering - Copying 1 resource from src\main\resources to target\classes
2025-12-14 20:08:33,203 [Worker-37: Building] INFO  o.a.m.s.f.DefaultMavenResourcesFiltering - Copying 1 resource from src\main\resources to target\classes
2025-12-14 20:08:33,209 [Worker-37: Building] INFO  o.a.m.s.f.DefaultMavenResourcesFiltering - skip non existing resourceDirectory D:\Career Portal\Backend\CareerPT\src\test\resources
2025-12-14 20:08:59,607 [Worker-37: Building] INFO  o.a.m.s.f.DefaultMavenResourcesFiltering - Copying 1 resource from src\main\resources to target\classes
2025-12-14 20:08:59,619 [Worker-37: Building] INFO  o.a.m.s.f.DefaultMavenResourcesFiltering - Copying 1 resource from src\main\resources to target\classes
2025-12-14 20:08:59,627 [Worker-37: Building] INFO  o.a.m.s.f.DefaultMavenResourcesFiltering - skip non existing resourceDirectory D:\Career Portal\Backend\CareerPT\src\test\resources
2025-12-14 20:09:12,609 [Worker-44: Building] INFO  o.a.m.s.f.DefaultMavenResourcesFiltering - Copying 1 resource from src\main\resources to target\classes
2025-12-14 20:09:12,620 [Worker-44: Building] INFO  o.a.m.s.f.DefaultMavenResourcesFiltering - Copying 1 resource from src\main\resources to target\classes
2025-12-14 20:09:12,627 [Worker-44: Building] INFO  o.a.m.s.f.DefaultMavenResourcesFiltering - skip non existing resourceDirectory D:\Career Portal\Backend\CareerPT\src\test\resources
2025-12-14 20:10:23,823 [Worker-40: Building] INFO  o.a.m.s.f.DefaultMavenResourcesFiltering - Copying 1 resource from src\main\resources to target\classes
2025-12-14 20:10:23,832 [Worker-40: Building] INFO  o.a.m.s.f.DefaultMavenResourcesFiltering - Copying 1 resource from src\main\resources to target\classes
2025-12-14 20:10:23,838 [Worker-40: Building] INFO  o.a.m.s.f.DefaultMavenResourcesFiltering - skip non existing resourceDirectory D:\Career Portal\Backend\CareerPT\src\test\resources
2025-12-14 20:14:17,218 [Worker-46: Building] INFO  o.a.m.s.f.DefaultMavenResourcesFiltering - Copying 1 resource from src\main\resources to target\classes
2025-12-14 20:14:17,230 [Worker-46: Building] INFO  o.a.m.s.f.DefaultMavenResourcesFiltering - Copying 1 resource from src\main\resources to target\classes
2025-12-14 20:14:17,237 [Worker-46: Building] INFO  o.a.m.s.f.DefaultMavenResourcesFiltering - skip non existing resourceDirectory D:\Career Portal\Backend\CareerPT\src\test\resources
2025-12-14 20:14:20,900 [Worker-46: Building] INFO  o.a.m.s.f.DefaultMavenResourcesFiltering - Copying 1 resource from src\main\resources to target\classes
2025-12-14 20:14:20,908 [Worker-46: Building] INFO  o.a.m.s.f.DefaultMavenResourcesFiltering - Copying 1 resource from src\main\resources to target\classes
2025-12-14 20:14:20,913 [Worker-46: Building] INFO  o.a.m.s.f.DefaultMavenResourcesFiltering - skip non existing resourceDirectory D:\Career Portal\Backend\CareerPT\src\test\resources
2025-12-14 20:14:23,036 [Worker-46: Building] INFO  o.a.m.s.f.DefaultMavenResourcesFiltering - Copying 1 resource from src\main\resources to target\classes
2025-12-14 20:14:23,051 [Worker-46: Building] INFO  o.a.m.s.f.DefaultMavenResourcesFiltering - Copying 1 resource from src\main\resources to target\classes
2025-12-14 20:14:23,057 [Worker-46: Building] INFO  o.a.m.s.f.DefaultMavenResourcesFiltering - skip non existing resourceDirectory D:\Career Portal\Backend\CareerPT\src\test\resources
2025-12-14 20:14:42,070 [Worker-46: Building] INFO  o.a.m.s.f.DefaultMavenResourcesFiltering - Copying 1 resource from src\main\resources to target\classes
2025-12-14 20:14:42,080 [Worker-46: Building] INFO  o.a.m.s.f.DefaultMavenResourcesFiltering - Copying 1 resource from src\main\resources to target\classes
2025-12-14 20:14:42,087 [Worker-46: Building] INFO  o.a.m.s.f.DefaultMavenResourcesFiltering - skip non existing resourceDirectory D:\Career Portal\Backend\CareerPT\src\test\resources
2025-12-14 20:15:47,762 [Stop Help Server] INFO  org.eclipse.jetty.server.Server - Stopped oejs.Server@15c2ea93{STOPPING}[12.0.12,sto=0]
2025-12-14 20:15:47,769 [Stop Help Server] INFO  o.e.jetty.server.AbstractConnector - Stopped ServerConnector@79fb5319{HTTP/1.1, (http/1.1)}{127.0.0.1:0}
2025-12-15 07:36:01,607 [Worker-4: Loading available Gradle versions] INFO  o.e.b.c.i.u.g.PublishedGradleVersions - Gradle version information cache is up-to-date. Trying to read.
2025-12-15 07:40:09,215 [Worker-5: Building] INFO  o.a.m.s.f.DefaultMavenResourcesFiltering - Copying 1 resource from src\main\resources to target\classes
2025-12-15 07:40:09,252 [Worker-5: Building] INFO  o.a.m.s.f.DefaultMavenResourcesFiltering - Copying 1 resource from src\main\resources to target\classes
2025-12-15 07:40:09,257 [Worker-5: Building] INFO  o.a.m.s.f.DefaultMavenResourcesFiltering - skip non existing resourceDirectory D:\Career Portal\Backend\CareerPT\src\test\resources
2025-12-15 07:40:33,004 [Worker-15: Building] INFO  o.a.m.s.f.DefaultMavenResourcesFiltering - Copying 1 resource from src\main\resources to target\classes
2025-12-15 07:40:33,015 [Worker-15: Building] INFO  o.a.m.s.f.DefaultMavenResourcesFiltering - Copying 1 resource from src\main\resources to target\classes
2025-12-15 07:40:33,024 [Worker-15: Building] INFO  o.a.m.s.f.DefaultMavenResourcesFiltering - skip non existing resourceDirectory D:\Career Portal\Backend\CareerPT\src\test\resources
2025-12-15 07:44:32,174 [Start Help Server] INFO  org.eclipse.jetty.server.Server - jetty-12.0.12; built: 2024-07-25T21:58:37.668Z; git: cc6f1b74db755fed228b50701ad967aeaa68e83f; jvm 21.0.4+7-LTS
2025-12-15 07:44:32,258 [Start Help Server] INFO  o.e.j.server.handler.ContextHandler - Started oeje8n.ContextHandler$CoreContextHandler@37c93bae{/help,/help,b=null,a=AVAILABLE,h=oeje8n.ContextHandler$CoreContextHandler$CoreToNestedHandler@2ea6d33d{STARTED}}
2025-12-15 07:44:32,259 [Start Help Server] INFO  o.e.j.s.DefaultSessionIdManager - Session workerName=node0
2025-12-15 07:44:32,343 [Start Help Server] INFO  o.e.jetty.server.AbstractConnector - Started ServerConnector@318efa53{HTTP/1.1, (http/1.1)}{127.0.0.1:54100}
2025-12-15 07:44:32,377 [Start Help Server] INFO  org.eclipse.jetty.server.Server - Started oejs.Server@634ac6b2{STARTING}[12.0.12,sto=0] @524272ms
2025-12-15 07:45:40,524 [Worker-17: Building] INFO  o.a.m.s.f.DefaultMavenResourcesFiltering - Copying 1 resource from src\main\resources to target\classes
2025-12-15 07:45:40,531 [Worker-17: Building] INFO  o.a.m.s.f.DefaultMavenResourcesFiltering - Copying 1 resource from src\main\resources to target\classes
2025-12-15 07:45:40,536 [Worker-17: Building] INFO  o.a.m.s.f.DefaultMavenResourcesFiltering - skip non existing resourceDirectory D:\Career Portal\Backend\CareerPT\src\test\resources
2025-12-15 07:46:10,594 [Worker-20: Building] INFO  o.a.m.s.f.DefaultMavenResourcesFiltering - Copying 1 resource from src\main\resources to target\classes
2025-12-15 07:46:10,604 [Worker-20: Building] INFO  o.a.m.s.f.DefaultMavenResourcesFiltering - Copying 1 resource from src\main\resources to target\classes
2025-12-15 07:46:10,610 [Worker-20: Building] INFO  o.a.m.s.f.DefaultMavenResourcesFiltering - skip non existing resourceDirectory D:\Career Portal\Backend\CareerPT\src\test\resources
2025-12-15 07:49:25,477 [Worker-18: Building] INFO  o.a.m.s.f.DefaultMavenResourcesFiltering - Copying 1 resource from src\main\resources to target\classes
2025-12-15 07:49:25,485 [Worker-18: Building] INFO  o.a.m.s.f.DefaultMavenResourcesFiltering - Copying 1 resource from src\main\resources to target\classes
2025-12-15 07:49:25,490 [Worker-18: Building] INFO  o.a.m.s.f.DefaultMavenResourcesFiltering - skip non existing resourceDirectory D:\Career Portal\Backend\CareerPT\src\test\resources
2025-12-15 07:49:49,852 [Worker-18: Building] INFO  o.a.m.s.f.DefaultMavenResourcesFiltering - Copying 1 resource from src\main\resources to target\classes
2025-12-15 07:49:49,859 [Worker-18: Building] INFO  o.a.m.s.f.DefaultMavenResourcesFiltering - Copying 1 resource from src\main\resources to target\classes
2025-12-15 07:49:49,864 [Worker-18: Building] INFO  o.a.m.s.f.DefaultMavenResourcesFiltering - skip non existing resourceDirectory D:\Career Portal\Backend\CareerPT\src\test\resources
2025-12-15 07:55:31,075 [Worker-22: Building] INFO  o.a.m.s.f.DefaultMavenResourcesFiltering - Copying 1 resource from src\main\resources to target\classes
2025-12-15 07:55:31,086 [Worker-22: Building] INFO  o.a.m.s.f.DefaultMavenResourcesFiltering - Copying 1 resource from src\main\resources to target\classes
2025-12-15 07:55:31,094 [Worker-22: Building] INFO  o.a.m.s.f.DefaultMavenResourcesFiltering - skip non existing resourceDirectory D:\Career Portal\Backend\CareerPT\src\test\resources
2025-12-15 07:57:12,790 [Worker-22: Building] INFO  o.a.m.s.f.DefaultMavenResourcesFiltering - Copying 1 resource from src\main\resources to target\classes
2025-12-15 07:57:12,798 [Worker-22: Building] INFO  o.a.m.s.f.DefaultMavenResourcesFiltering - Copying 1 resource from src\main\resources to target\classes
2025-12-15 07:57:12,806 [Worker-22: Building] INFO  o.a.m.s.f.DefaultMavenResourcesFiltering - skip non existing resourceDirectory D:\Career Portal\Backend\CareerPT\src\test\resources
2025-12-15 08:00:09,217 [Worker-25: Building] INFO  o.a.m.s.f.DefaultMavenResourcesFiltering - Copying 1 resource from src\main\resources to target\classes
2025-12-15 08:00:09,226 [Worker-25: Building] INFO  o.a.m.s.f.DefaultMavenResourcesFiltering - Copying 1 resource from src\main\resources to target\classes
2025-12-15 08:00:09,233 [Worker-25: Building] INFO  o.a.m.s.f.DefaultMavenResourcesFiltering - skip non existing resourceDirectory D:\Career Portal\Backend\CareerPT\src\test\resources
2025-12-15 08:03:58,902 [Worker-18: Building] INFO  o.a.m.s.f.DefaultMavenResourcesFiltering - Copying 1 resource from src\main\resources to target\classes
2025-12-15 08:03:58,909 [Worker-18: Building] INFO  o.a.m.s.f.DefaultMavenResourcesFiltering - Copying 1 resource from src\main\resources to target\classes
2025-12-15 08:03:58,914 [Worker-18: Building] INFO  o.a.m.s.f.DefaultMavenResourcesFiltering - skip non existing resourceDirectory D:\Career Portal\Backend\CareerPT\src\test\resources
2025-12-15 08:04:08,706 [Worker-26: Building] INFO  o.a.m.s.f.DefaultMavenResourcesFiltering - Copying 1 resource from src\main\resources to target\classes
2025-12-15 08:04:08,715 [Worker-26: Building] INFO  o.a.m.s.f.DefaultMavenResourcesFiltering - Copying 1 resource from src\main\resources to target\classes
2025-12-15 08:04:08,722 [Worker-26: Building] INFO  o.a.m.s.f.DefaultMavenResourcesFiltering - skip non existing resourceDirectory D:\Career Portal\Backend\CareerPT\src\test\resources
2025-12-15 08:04:48,602 [Worker-26: Building] INFO  o.a.m.s.f.DefaultMavenResourcesFiltering - Copying 1 resource from src\main\resources to target\classes
2025-12-15 08:04:48,611 [Worker-26: Building] INFO  o.a.m.s.f.DefaultMavenResourcesFiltering - Copying 1 resource from src\main\resources to target\classes
2025-12-15 08:04:48,619 [Worker-26: Building] INFO  o.a.m.s.f.DefaultMavenResourcesFiltering - skip non existing resourceDirectory D:\Career Portal\Backend\CareerPT\src\test\resources
2025-12-15 08:13:46,426 [Worker-31: Building] INFO  o.a.m.s.f.DefaultMavenResourcesFiltering - Copying 1 resource from src\main\resources to target\classes
2025-12-15 08:13:46,439 [Worker-31: Building] INFO  o.a.m.s.f.DefaultMavenResourcesFiltering - Copying 1 resource from src\main\resources to target\classes
2025-12-15 08:13:46,446 [Worker-31: Building] INFO  o.a.m.s.f.DefaultMavenResourcesFiltering - skip non existing resourceDirectory D:\Career Portal\Backend\CareerPT\src\test\resources
2025-12-15 08:14:32,929 [Worker-32: Building] INFO  o.a.m.s.f.DefaultMavenResourcesFiltering - Copying 1 resource from src\main\resources to target\classes
2025-12-15 08:14:32,937 [Worker-32: Building] INFO  o.a.m.s.f.DefaultMavenResourcesFiltering - Copying 1 resource from src\main\resources to target\classes
2025-12-15 08:14:32,943 [Worker-32: Building] INFO  o.a.m.s.f.DefaultMavenResourcesFiltering - skip non existing resourceDirectory D:\Career Portal\Backend\CareerPT\src\test\resources
2025-12-15 08:14:43,358 [Worker-18: Building] INFO  o.a.m.s.f.DefaultMavenResourcesFiltering - Copying 1 resource from src\main\resources to target\classes
2025-12-15 08:14:43,367 [Worker-18: Building] INFO  o.a.m.s.f.DefaultMavenResourcesFiltering - Copying 1 resource from src\main\resources to target\classes
2025-12-15 08:14:43,373 [Worker-18: Building] INFO  o.a.m.s.f.DefaultMavenResourcesFiltering - skip non existing resourceDirectory D:\Career Portal\Backend\CareerPT\src\test\resources
2025-12-15 08:39:24,808 [Worker-36: Building] INFO  o.a.m.s.f.DefaultMavenResourcesFiltering - Copying 1 resource from src\main\resources to target\classes
2025-12-15 08:39:24,819 [Worker-36: Building] INFO  o.a.m.s.f.DefaultMavenResourcesFiltering - Copying 1 resource from src\main\resources to target\classes
2025-12-15 08:39:24,824 [Worker-36: Building] INFO  o.a.m.s.f.DefaultMavenResourcesFiltering - skip non existing resourceDirectory D:\Career Portal\Backend\CareerPT\src\test\resources
2025-12-15 08:40:34,256 [Worker-30: Building] INFO  o.a.m.s.f.DefaultMavenResourcesFiltering - Copying 1 resource from src\main\resources to target\classes
2025-12-15 08:40:34,267 [Worker-30: Building] INFO  o.a.m.s.f.DefaultMavenResourcesFiltering - Copying 1 resource from src\main\resources to target\classes
2025-12-15 08:40:34,272 [Worker-30: Building] INFO  o.a.m.s.f.DefaultMavenResourcesFiltering - skip non existing resourceDirectory D:\Career Portal\Backend\CareerPT\src\test\resources
2025-12-15 08:41:30,078 [Worker-36: Building] INFO  o.a.m.s.f.DefaultMavenResourcesFiltering - Copying 1 resource from src\main\resources to target\classes
2025-12-15 08:41:30,087 [Worker-36: Building] INFO  o.a.m.s.f.DefaultMavenResourcesFiltering - Copying 1 resource from src\main\resources to target\classes
2025-12-15 08:41:30,093 [Worker-36: Building] INFO  o.a.m.s.f.DefaultMavenResourcesFiltering - skip non existing resourceDirectory D:\Career Portal\Backend\CareerPT\src\test\resources
2025-12-15 08:52:06,796 [Worker-31: Building] INFO  o.a.m.s.f.DefaultMavenResourcesFiltering - Copying 1 resource from src\main\resources to target\classes
2025-12-15 08:52:06,863 [Worker-31: Building] INFO  o.a.m.s.f.DefaultMavenResourcesFiltering - Copying 1 resource from src\main\resources to target\classes
2025-12-15 08:52:06,874 [Worker-31: Building] INFO  o.a.m.s.f.DefaultMavenResourcesFiltering - skip non existing resourceDirectory D:\Career Portal\Backend\CareerPT\src\test\resources
2025-12-15 08:58:48,655 [Worker-47: Building] INFO  o.e.m.c.i.l.LifecycleMappingFactory - Using org.eclipse.m2e.jdt.JarLifecycleMapping lifecycle mapping for MavenProject: com.example:CareerPT:0.0.1-SNAPSHOT @ D:\Career Portal\Backend\CareerPT\pom.xml.
2025-12-15 08:58:50,467 [Worker-47: Building] INFO  o.a.m.s.f.DefaultMavenResourcesFiltering - Copying 0 resource from src\main\resources to target\classes
2025-12-15 08:58:50,468 [Worker-47: Building] INFO  o.a.m.s.f.DefaultMavenResourcesFiltering - Copying 0 resource from src\main\resources to target\classes
2025-12-15 08:58:50,473 [Worker-47: Building] INFO  o.a.m.s.f.DefaultMavenResourcesFiltering - skip non existing resourceDirectory D:\Career Portal\Backend\CareerPT\src\test\resources
2025-12-15 08:58:52,188 [Worker-43: Building] INFO  o.a.m.s.f.DefaultMavenResourcesFiltering - Copying 1 resource from src\main\resources to target\classes
2025-12-15 08:58:52,210 [Worker-43: Building] INFO  o.a.m.s.f.DefaultMavenResourcesFiltering - Copying 1 resource from src\main\resources to target\classes
2025-12-15 08:58:52,217 [Worker-43: Building] INFO  o.a.m.s.f.DefaultMavenResourcesFiltering - skip non existing resourceDirectory D:\Career Portal\Backend\CareerPT\src\test\resources
2025-12-15 08:59:47,233 [Worker-46: Building] INFO  o.a.m.s.f.DefaultMavenResourcesFiltering - Copying 1 resource from src\main\resources to target\classes
2025-12-15 08:59:47,265 [Worker-46: Building] INFO  o.a.m.s.f.DefaultMavenResourcesFiltering - Copying 1 resource from src\main\resources to target\classes
2025-12-15 08:59:47,271 [Worker-46: Building] INFO  o.a.m.s.f.DefaultMavenResourcesFiltering - skip non existing resourceDirectory D:\Career Portal\Backend\CareerPT\src\test\resources
2025-12-15 09:02:28,660 [Worker-47: Building] INFO  o.a.m.s.f.DefaultMavenResourcesFiltering - Copying 1 resource from src\main\resources to target\classes
2025-12-15 09:02:28,668 [Worker-47: Building] INFO  o.a.m.s.f.DefaultMavenResourcesFiltering - Copying 1 resource from src\main\resources to target\classes
2025-12-15 09:02:28,675 [Worker-47: Building] INFO  o.a.m.s.f.DefaultMavenResourcesFiltering - skip non existing resourceDirectory D:\Career Portal\Backend\CareerPT\src\test\resources
2025-12-15 09:06:16,505 [Worker-53: Building] INFO  o.a.m.s.f.DefaultMavenResourcesFiltering - Copying 1 resource from src\main\resources to target\classes
2025-12-15 09:06:16,515 [Worker-53: Building] INFO  o.a.m.s.f.DefaultMavenResourcesFiltering - Copying 1 resource from src\main\resources to target\classes
2025-12-15 09:06:16,525 [Worker-53: Building] INFO  o.a.m.s.f.DefaultMavenResourcesFiltering - skip non existing resourceDirectory D:\Career Portal\Backend\CareerPT\src\test\resources
2025-12-15 09:11:34,992 [Worker-57: Building] INFO  o.a.m.s.f.DefaultMavenResourcesFiltering - Copying 1 resource from src\main\resources to target\classes
2025-12-15 09:11:35,002 [Worker-57: Building] INFO  o.a.m.s.f.DefaultMavenResourcesFiltering - Copying 1 resource from src\main\resources to target\classes
2025-12-15 09:11:35,009 [Worker-57: Building] INFO  o.a.m.s.f.DefaultMavenResourcesFiltering - skip non existing resourceDirectory D:\Career Portal\Backend\CareerPT\src\test\resources
2025-12-15 09:12:12,843 [Worker-50: Building] INFO  o.a.m.s.f.DefaultMavenResourcesFiltering - Copying 1 resource from src\main\resources to target\classes
2025-12-15 09:12:12,850 [Worker-50: Building] INFO  o.a.m.s.f.DefaultMavenResourcesFiltering - Copying 1 resource from src\main\resources to target\classes
2025-12-15 09:12:12,855 [Worker-50: Building] INFO  o.a.m.s.f.DefaultMavenResourcesFiltering - skip non existing resourceDirectory D:\Career Portal\Backend\CareerPT\src\test\resources
2025-12-15 09:14:26,048 [Worker-55: Building] INFO  o.e.m.c.i.l.LifecycleMappingFactory - Using org.eclipse.m2e.jdt.JarLifecycleMapping lifecycle mapping for MavenProject: com.example:CareerPT:0.0.1-SNAPSHOT @ D:\Career Portal\Backend\CareerPT\pom.xml.
2025-12-15 09:14:27,664 [Worker-55: Building] INFO  o.a.m.s.f.DefaultMavenResourcesFiltering - Copying 0 resource from src\main\resources to target\classes
2025-12-15 09:14:27,666 [Worker-55: Building] INFO  o.a.m.s.f.DefaultMavenResourcesFiltering - Copying 0 resource from src\main\resources to target\classes
2025-12-15 09:14:27,670 [Worker-55: Building] INFO  o.a.m.s.f.DefaultMavenResourcesFiltering - skip non existing resourceDirectory D:\Career Portal\Backend\CareerPT\src\test\resources
2025-12-15 09:15:19,051 [Worker-58: Building] INFO  o.e.m.c.i.l.LifecycleMappingFactory - Using org.eclipse.m2e.jdt.JarLifecycleMapping lifecycle mapping for MavenProject: com.example:CareerPT:0.0.1-SNAPSHOT @ D:\Career Portal\Backend\CareerPT\pom.xml.
2025-12-15 09:15:20,158 [Worker-58: Building] INFO  o.a.m.s.f.DefaultMavenResourcesFiltering - Copying 0 resource from src\main\resources to target\classes
2025-12-15 09:15:20,161 [Worker-58: Building] INFO  o.a.m.s.f.DefaultMavenResourcesFiltering - Copying 0 resource from src\main\resources to target\classes
2025-12-15 09:15:20,166 [Worker-58: Building] INFO  o.a.m.s.f.DefaultMavenResourcesFiltering - skip non existing resourceDirectory D:\Career Portal\Backend\CareerPT\src\test\resources
2025-12-15 09:15:21,810 [Worker-50: Building] INFO  o.a.m.s.f.DefaultMavenResourcesFiltering - Copying 1 resource from src\main\resources to target\classes
2025-12-15 09:15:21,839 [Worker-50: Building] INFO  o.a.m.s.f.DefaultMavenResourcesFiltering - Copying 1 resource from src\main\resources to target\classes
2025-12-15 09:15:21,846 [Worker-50: Building] INFO  o.a.m.s.f.DefaultMavenResourcesFiltering - skip non existing resourceDirectory D:\Career Portal\Backend\CareerPT\src\test\resources
2025-12-15 09:20:58,773 [Worker-50: Building] INFO  o.a.m.s.f.DefaultMavenResourcesFiltering - Copying 1 resource from src\main\resources to target\classes
2025-12-15 09:20:58,814 [Worker-50: Building] INFO  o.a.m.s.f.DefaultMavenResourcesFiltering - Copying 1 resource from src\main\resources to target\classes
2025-12-15 09:20:58,820 [Worker-50: Building] INFO  o.a.m.s.f.DefaultMavenResourcesFiltering - skip non existing resourceDirectory D:\Career Portal\Backend\CareerPT\src\test\resources
2025-12-15 09:21:11,246 [Worker-50: Building] INFO  o.a.m.s.f.DefaultMavenResourcesFiltering - Copying 1 resource from src\main\resources to target\classes
2025-12-15 09:21:11,255 [Worker-50: Building] INFO  o.a.m.s.f.DefaultMavenResourcesFiltering - Copying 1 resource from src\main\resources to target\classes
2025-12-15 09:21:11,260 [Worker-50: Building] INFO  o.a.m.s.f.DefaultMavenResourcesFiltering - skip non existing resourceDirectory D:\Career Portal\Backend\CareerPT\src\test\resources
2025-12-15 09:36:50,597 [Worker-67: Building] INFO  o.a.m.s.f.DefaultMavenResourcesFiltering - Copying 1 resource from src\main\resources to target\classes
2025-12-15 09:36:50,634 [Worker-67: Building] INFO  o.a.m.s.f.DefaultMavenResourcesFiltering - Copying 1 resource from src\main\resources to target\classes
2025-12-15 09:36:50,642 [Worker-67: Building] INFO  o.a.m.s.f.DefaultMavenResourcesFiltering - skip non existing resourceDirectory D:\Career Portal\Backend\CareerPT\src\test\resources
2025-12-15 09:37:02,731 [Worker-71: Building] INFO  o.a.m.s.f.DefaultMavenResourcesFiltering - Copying 1 resource from src\main\resources to target\classes
2025-12-15 09:37:02,762 [Worker-71: Building] INFO  o.a.m.s.f.DefaultMavenResourcesFiltering - Copying 1 resource from src\main\resources to target\classes
2025-12-15 09:37:02,768 [Worker-71: Building] INFO  o.a.m.s.f.DefaultMavenResourcesFiltering - skip non existing resourceDirectory D:\Career Portal\Backend\CareerPT\src\test\resources
2025-12-15 09:37:07,759 [Worker-68: Building] INFO  o.a.m.s.f.DefaultMavenResourcesFiltering - Copying 1 resource from src\main\resources to target\classes
2025-12-15 09:37:07,769 [Worker-68: Building] INFO  o.a.m.s.f.DefaultMavenResourcesFiltering - Copying 1 resource from src\main\resources to target\classes
2025-12-15 09:37:07,774 [Worker-68: Building] INFO  o.a.m.s.f.DefaultMavenResourcesFiltering - skip non existing resourceDirectory D:\Career Portal\Backend\CareerPT\src\test\resources
2025-12-15 09:37:21,246 [Worker-68: Building] INFO  o.a.m.s.f.DefaultMavenResourcesFiltering - Copying 1 resource from src\main\resources to target\classes
2025-12-15 09:37:21,257 [Worker-68: Building] INFO  o.a.m.s.f.DefaultMavenResourcesFiltering - Copying 1 resource from src\main\resources to target\classes
2025-12-15 09:37:21,262 [Worker-68: Building] INFO  o.a.m.s.f.DefaultMavenResourcesFiltering - skip non existing resourceDirectory D:\Career Portal\Backend\CareerPT\src\test\resources
2025-12-15 09:37:23,129 [Worker-70: Building] INFO  o.a.m.s.f.DefaultMavenResourcesFiltering - Copying 1 resource from src\main\resources to target\classes
2025-12-15 09:37:23,141 [Worker-70: Building] INFO  o.a.m.s.f.DefaultMavenResourcesFiltering - Copying 1 resource from src\main\resources to target\classes
2025-12-15 09:37:23,148 [Worker-70: Building] INFO  o.a.m.s.f.DefaultMavenResourcesFiltering - skip non existing resourceDirectory D:\Career Portal\Backend\CareerPT\src\test\resources
2025-12-15 09:38:38,144 [Worker-69: Building] INFO  o.a.m.s.f.DefaultMavenResourcesFiltering - Copying 1 resource from src\main\resources to target\classes
2025-12-15 09:38:38,155 [Worker-69: Building] INFO  o.a.m.s.f.DefaultMavenResourcesFiltering - Copying 1 resource from src\main\resources to target\classes
2025-12-15 09:38:38,161 [Worker-69: Building] INFO  o.a.m.s.f.DefaultMavenResourcesFiltering - skip non existing resourceDirectory D:\Career Portal\Backend\CareerPT\src\test\resources
2025-12-15 09:42:01,602 [Worker-73: Building] INFO  o.a.m.s.f.DefaultMavenResourcesFiltering - Copying 1 resource from src\main\resources to target\classes
2025-12-15 09:42:01,612 [Worker-73: Building] INFO  o.a.m.s.f.DefaultMavenResourcesFiltering - Copying 1 resource from src\main\resources to target\classes
2025-12-15 09:42:01,617 [Worker-73: Building] INFO  o.a.m.s.f.DefaultMavenResourcesFiltering - skip non existing resourceDirectory D:\Career Portal\Backend\CareerPT\src\test\resources
2025-12-15 09:49:45,055 [Worker-76: Building] INFO  o.e.m.c.i.l.LifecycleMappingFactory - Using org.eclipse.m2e.jdt.JarLifecycleMapping lifecycle mapping for MavenProject: com.example:CareerPT:0.0.1-SNAPSHOT @ D:\Career Portal\Backend\CareerPT\pom.xml.
2025-12-15 09:49:46,462 [Worker-76: Building] INFO  o.a.m.s.f.DefaultMavenResourcesFiltering - Copying 0 resource from src\main\resources to target\classes
2025-12-15 09:49:46,463 [Worker-76: Building] INFO  o.a.m.s.f.DefaultMavenResourcesFiltering - Copying 0 resource from src\main\resources to target\classes
2025-12-15 09:49:46,470 [Worker-76: Building] INFO  o.a.m.s.f.DefaultMavenResourcesFiltering - skip non existing resourceDirectory D:\Career Portal\Backend\CareerPT\src\test\resources
2025-12-15 09:51:23,026 [Worker-77: Building] INFO  o.a.m.s.f.DefaultMavenResourcesFiltering - Copying 1 resource from src\main\resources to target\classes
2025-12-15 09:51:23,076 [Worker-77: Building] INFO  o.a.m.s.f.DefaultMavenResourcesFiltering - Copying 1 resource from src\main\resources to target\classes
2025-12-15 09:51:23,082 [Worker-77: Building] INFO  o.a.m.s.f.DefaultMavenResourcesFiltering - skip non existing resourceDirectory D:\Career Portal\Backend\CareerPT\src\test\resources
2025-12-15 09:51:32,433 [Worker-76: Building] INFO  o.a.m.s.f.DefaultMavenResourcesFiltering - Copying 1 resource from src\main\resources to target\classes
2025-12-15 09:51:32,476 [Worker-76: Building] INFO  o.a.m.s.f.DefaultMavenResourcesFiltering - Copying 1 resource from src\main\resources to target\classes
2025-12-15 09:51:32,481 [Worker-76: Building] INFO  o.a.m.s.f.DefaultMavenResourcesFiltering - skip non existing resourceDirectory D:\Career Portal\Backend\CareerPT\src\test\resources
2025-12-15 10:10:12,340 [Worker-79: Building] INFO  o.a.m.s.f.DefaultMavenResourcesFiltering - Copying 1 resource from src\main\resources to target\classes
2025-12-15 10:10:12,393 [Worker-79: Building] INFO  o.a.m.s.f.DefaultMavenResourcesFiltering - Copying 1 resource from src\main\resources to target\classes
2025-12-15 10:10:12,399 [Worker-79: Building] INFO  o.a.m.s.f.DefaultMavenResourcesFiltering - skip non existing resourceDirectory D:\Career Portal\Backend\CareerPT\src\test\resources
2025-12-15 10:16:50,458 [Worker-84: Building] INFO  o.a.m.s.f.DefaultMavenResourcesFiltering - Copying 1 resource from src\main\resources to target\classes
2025-12-15 10:16:50,539 [Worker-84: Building] INFO  o.a.m.s.f.DefaultMavenResourcesFiltering - Copying 1 resource from src\main\resources to target\classes
2025-12-15 10:16:50,542 [Worker-84: Building] INFO  o.a.m.s.f.DefaultMavenResourcesFiltering - skip non existing resourceDirectory D:\Career Portal\Backend\CareerPT\src\test\resources
2025-12-15 10:20:32,031 [Worker-89: Building] INFO  o.a.m.s.f.DefaultMavenResourcesFiltering - Copying 1 resource from src\main\resources to target\classes
2025-12-15 10:20:32,059 [Worker-89: Building] INFO  o.a.m.s.f.DefaultMavenResourcesFiltering - Copying 1 resource from src\main\resources to target\classes
2025-12-15 10:20:32,062 [Worker-89: Building] INFO  o.a.m.s.f.DefaultMavenResourcesFiltering - skip non existing resourceDirectory D:\Career Portal\Backend\CareerPT\src\test\resources
2025-12-15 10:36:05,513 [Worker-97: Building] INFO  o.a.m.s.f.DefaultMavenResourcesFiltering - Copying 1 resource from src\main\resources to target\classes
2025-12-15 10:36:05,529 [Worker-97: Building] INFO  o.a.m.s.f.DefaultMavenResourcesFiltering - Copying 1 resource from src\main\resources to target\classes
2025-12-15 10:36:05,532 [Worker-97: Building] INFO  o.a.m.s.f.DefaultMavenResourcesFiltering - skip non existing resourceDirectory D:\Career Portal\Backend\CareerPT\src\test\resources
2025-12-15 10:40:29,922 [Worker-100: Building] INFO  o.a.m.s.f.DefaultMavenResourcesFiltering - Copying 1 resource from src\main\resources to target\classes
2025-12-15 10:40:29,932 [Worker-100: Building] INFO  o.a.m.s.f.DefaultMavenResourcesFiltering - Copying 1 resource from src\main\resources to target\classes
2025-12-15 10:40:29,935 [Worker-100: Building] INFO  o.a.m.s.f.DefaultMavenResourcesFiltering - skip non existing resourceDirectory D:\Career Portal\Backend\CareerPT\src\test\resources
2025-12-15 10:52:16,891 [Stop Help Server] INFO  org.eclipse.jetty.server.Server - Stopped oejs.Server@634ac6b2{STOPPING}[12.0.12,sto=0]
2025-12-15 10:52:16,923 [Stop Help Server] INFO  o.e.jetty.server.AbstractConnector - Stopped ServerConnector@318efa53{HTTP/1.1, (http/1.1)}{127.0.0.1:0}
2025-12-15 18:26:27,343 [Worker-4: Loading available Gradle versions] INFO  o.e.b.c.i.u.g.PublishedGradleVersions - Gradle version information cache is up-to-date. Trying to read.
2025-12-15 18:40:08,511 [Worker-15: Building] INFO  o.a.m.s.f.DefaultMavenResourcesFiltering - Copying 1 resource from src\main\resources to target\classes
2025-12-15 18:40:08,543 [Worker-15: Building] INFO  o.a.m.s.f.DefaultMavenResourcesFiltering - Copying 1 resource from src\main\resources to target\classes
2025-12-15 18:40:08,555 [Worker-15: Building] INFO  o.a.m.s.f.DefaultMavenResourcesFiltering - skip non existing resourceDirectory D:\Career Portal\Backend\CareerPT\src\test\resources
2025-12-15 18:40:31,641 [Worker-16: Building] INFO  o.a.m.s.f.DefaultMavenResourcesFiltering - Copying 1 resource from src\main\resources to target\classes
2025-12-15 18:40:31,652 [Worker-16: Building] INFO  o.a.m.s.f.DefaultMavenResourcesFiltering - Copying 1 resource from src\main\resources to target\classes
2025-12-15 18:40:31,658 [Worker-16: Building] INFO  o.a.m.s.f.DefaultMavenResourcesFiltering - skip non existing resourceDirectory D:\Career Portal\Backend\CareerPT\src\test\resources
2025-12-15 18:44:00,376 [Worker-19: Building] INFO  o.a.m.s.f.DefaultMavenResourcesFiltering - Copying 1 resource from src\main\resources to target\classes
2025-12-15 18:44:00,385 [Worker-19: Building] INFO  o.a.m.s.f.DefaultMavenResourcesFiltering - Copying 1 resource from src\main\resources to target\classes
2025-12-15 18:44:00,390 [Worker-19: Building] INFO  o.a.m.s.f.DefaultMavenResourcesFiltering - skip non existing resourceDirectory D:\Career Portal\Backend\CareerPT\src\test\resources
2025-12-15 18:45:55,688 [Worker-19: Building] INFO  o.a.m.s.f.DefaultMavenResourcesFiltering - Copying 1 resource from src\main\resources to target\classes
2025-12-15 18:45:55,697 [Worker-19: Building] INFO  o.a.m.s.f.DefaultMavenResourcesFiltering - Copying 1 resource from src\main\resources to target\classes
2025-12-15 18:45:55,704 [Worker-19: Building] INFO  o.a.m.s.f.DefaultMavenResourcesFiltering - skip non existing resourceDirectory D:\Career Portal\Backend\CareerPT\src\test\resources
2025-12-15 18:48:21,673 [Worker-22: Building] INFO  o.a.m.s.f.DefaultMavenResourcesFiltering - Copying 1 resource from src\main\resources to target\classes
2025-12-15 18:48:21,682 [Worker-22: Building] INFO  o.a.m.s.f.DefaultMavenResourcesFiltering - Copying 1 resource from src\main\resources to target\classes
2025-12-15 18:48:21,688 [Worker-22: Building] INFO  o.a.m.s.f.DefaultMavenResourcesFiltering - skip non existing resourceDirectory D:\Career Portal\Backend\CareerPT\src\test\resources
2025-12-15 19:30:43,289 [Worker-30: Building] INFO  o.a.m.s.f.DefaultMavenResourcesFiltering - Copying 1 resource from src\main\resources to target\classes
2025-12-15 19:30:43,338 [Worker-30: Building] INFO  o.a.m.s.f.DefaultMavenResourcesFiltering - Copying 1 resource from src\main\resources to target\classes
2025-12-15 19:30:43,345 [Worker-30: Building] INFO  o.a.m.s.f.DefaultMavenResourcesFiltering - skip non existing resourceDirectory D:\Career Portal\Backend\CareerPT\src\test\resources
2025-12-15 19:30:50,382 [Worker-30: Building] INFO  o.a.m.s.f.DefaultMavenResourcesFiltering - Copying 1 resource from src\main\resources to target\classes
2025-12-15 19:30:50,394 [Worker-30: Building] INFO  o.a.m.s.f.DefaultMavenResourcesFiltering - Copying 1 resource from src\main\resources to target\classes
2025-12-15 19:30:50,402 [Worker-30: Building] INFO  o.a.m.s.f.DefaultMavenResourcesFiltering - skip non existing resourceDirectory D:\Career Portal\Backend\CareerPT\src\test\resources
2025-12-15 19:36:43,770 [Worker-26: Building] INFO  o.a.m.s.f.DefaultMavenResourcesFiltering - Copying 1 resource from src\main\resources to target\classes
2025-12-15 19:36:43,780 [Worker-26: Building] INFO  o.a.m.s.f.DefaultMavenResourcesFiltering - Copying 0 resource from src\main\resources to target\classes
2025-12-15 19:36:43,785 [Worker-26: Building] INFO  o.a.m.s.f.DefaultMavenResourcesFiltering - skip non existing resourceDirectory D:\Career Portal\Backend\CareerPT\src\test\resources
2025-12-15 19:36:45,974 [Worker-28: Building] INFO  o.a.m.s.f.DefaultMavenResourcesFiltering - Copying 1 resource from src\main\resources to target\classes
2025-12-15 19:36:45,981 [Worker-28: Building] INFO  o.a.m.s.f.DefaultMavenResourcesFiltering - Copying 1 resource from src\main\resources to target\classes
2025-12-15 19:36:45,987 [Worker-28: Building] INFO  o.a.m.s.f.DefaultMavenResourcesFiltering - skip non existing resourceDirectory D:\Career Portal\Backend\CareerPT\src\test\resources
2025-12-15 19:36:48,182 [Worker-33: Building] INFO  o.a.m.s.f.DefaultMavenResourcesFiltering - Copying 1 resource from src\main\resources to target\classes
2025-12-15 19:36:48,190 [Worker-33: Building] INFO  o.a.m.s.f.DefaultMavenResourcesFiltering - Copying 1 resource from src\main\resources to target\classes
2025-12-15 19:36:48,196 [Worker-33: Building] INFO  o.a.m.s.f.DefaultMavenResourcesFiltering - skip non existing resourceDirectory D:\Career Portal\Backend\CareerPT\src\test\resources
2025-12-15 19:36:49,855 [Worker-21: Building] INFO  o.a.m.s.f.DefaultMavenResourcesFiltering - Copying 1 resource from src\main\resources to target\classes
2025-12-15 19:36:49,859 [Worker-21: Building] INFO  o.a.m.s.f.DefaultMavenResourcesFiltering - Copying 1 resource from src\main\resources to target\classes
2025-12-15 19:36:49,864 [Worker-21: Building] INFO  o.a.m.s.f.DefaultMavenResourcesFiltering - skip non existing resourceDirectory D:\Career Portal\Backend\CareerPT\src\test\resources
2025-12-15 19:37:26,487 [Worker-33: Building] INFO  o.a.m.s.f.DefaultMavenResourcesFiltering - Copying 1 resource from src\main\resources to target\classes
2025-12-15 19:37:26,496 [Worker-33: Building] INFO  o.a.m.s.f.DefaultMavenResourcesFiltering - Copying 1 resource from src\main\resources to target\classes
2025-12-15 19:37:26,501 [Worker-33: Building] INFO  o.a.m.s.f.DefaultMavenResourcesFiltering - skip non existing resourceDirectory D:\Career Portal\Backend\CareerPT\src\test\resources
2025-12-15 19:38:37,301 [Worker-21: Building] INFO  o.a.m.s.f.DefaultMavenResourcesFiltering - Copying 1 resource from src\main\resources to target\classes
2025-12-15 19:38:37,315 [Worker-21: Building] INFO  o.a.m.s.f.DefaultMavenResourcesFiltering - Copying 1 resource from src\main\resources to target\classes
2025-12-15 19:38:37,323 [Worker-21: Building] INFO  o.a.m.s.f.DefaultMavenResourcesFiltering - skip non existing resourceDirectory D:\Career Portal\Backend\CareerPT\src\test\resources
2025-12-15 19:40:16,703 [Worker-26: Building] INFO  o.a.m.s.f.DefaultMavenResourcesFiltering - Copying 1 resource from src\main\resources to target\classes
2025-12-15 19:40:16,712 [Worker-26: Building] INFO  o.a.m.s.f.DefaultMavenResourcesFiltering - Copying 1 resource from src\main\resources to target\classes
2025-12-15 19:40:16,718 [Worker-26: Building] INFO  o.a.m.s.f.DefaultMavenResourcesFiltering - skip non existing resourceDirectory D:\Career Portal\Backend\CareerPT\src\test\resources
2025-12-16 13:04:55,445 [Worker-2: Loading available Gradle versions] INFO  o.e.b.c.i.u.g.PublishedGradleVersions - Gradle version information cache is out-of-date. Trying to update.
2025-12-16 17:54:58,152 [Worker-4: Loading available Gradle versions] INFO  o.e.b.c.i.u.g.PublishedGradleVersions - Gradle version information cache is up-to-date. Trying to read.
2025-12-16 22:44:14,764 [Worker-4: Loading available Gradle versions] INFO  o.e.b.c.i.u.g.PublishedGradleVersions - Gradle version information cache is up-to-date. Trying to read.
2025-12-17 10:17:03,472 [Worker-4: Loading available Gradle versions] INFO  o.e.b.c.i.u.g.PublishedGradleVersions - Gradle version information cache is up-to-date. Trying to read.
2025-12-17 17:53:43,542 [Worker-4: Loading available Gradle versions] INFO  o.e.b.c.i.u.g.PublishedGradleVersions - Gradle version information cache is out-of-date. Trying to update.
2025-12-18 10:50:22,231 [Worker-4: Loading available Gradle versions] INFO  o.e.b.c.i.u.g.PublishedGradleVersions - Gradle version information cache is up-to-date. Trying to read.
2025-12-18 18:23:36,405 [Worker-6: Loading available Gradle versions] INFO  o.e.b.c.i.u.g.PublishedGradleVersions - Gradle version information cache is out-of-date. Trying to update.
2025-12-18 18:50:55,205 [Worker-19: Building] INFO  o.a.m.s.f.DefaultMavenResourcesFiltering - Copying 1 resource from src\main\resources to target\classes
2025-12-18 18:50:55,253 [Worker-19: Building] INFO  o.a.m.s.f.DefaultMavenResourcesFiltering - Copying 1 resource from src\main\resources to target\classes
2025-12-18 18:50:55,263 [Worker-19: Building] INFO  o.a.m.s.f.DefaultMavenResourcesFiltering - Copying 0 resource from src\test\resources to target\test-classes
2025-12-18 18:50:58,379 [Worker-19: Building] INFO  o.a.m.s.f.DefaultMavenResourcesFiltering - Copying 1 resource from src\main\resources to target\classes
2025-12-18 18:50:58,400 [Worker-19: Building] INFO  o.a.m.s.f.DefaultMavenResourcesFiltering - Copying 1 resource from src\main\resources to target\classes
2025-12-18 18:50:58,407 [Worker-19: Building] INFO  o.a.m.s.f.DefaultMavenResourcesFiltering - skip non existing resourceDirectory D:\Career Portal\Backend\CareerPT\src\test\resources
2025-12-18 18:52:21,923 [Worker-21: Building] INFO  o.a.m.s.f.DefaultMavenResourcesFiltering - Copying 1 resource from src\main\resources to target\classes
2025-12-18 18:52:21,929 [Worker-21: Building] INFO  o.a.m.s.f.DefaultMavenResourcesFiltering - Copying 1 resource from src\main\resources to target\classes
2025-12-18 18:52:21,934 [Worker-21: Building] INFO  o.a.m.s.f.DefaultMavenResourcesFiltering - skip non existing resourceDirectory D:\Career Portal\Backend\CareerPT\src\test\resources
2025-12-18 18:54:01,339 [Start Help Server] INFO  org.eclipse.jetty.server.Server - jetty-12.0.12; built: 2024-07-25T21:58:37.668Z; git: cc6f1b74db755fed228b50701ad967aeaa68e83f; jvm 21.0.4+7-LTS
2025-12-18 18:54:01,447 [Start Help Server] INFO  o.e.j.server.handler.ContextHandler - Started oeje8n.ContextHandler$CoreContextHandler@23903c5c{/help,/help,b=null,a=AVAILABLE,h=oeje8n.ContextHandler$CoreContextHandler$CoreToNestedHandler@63a24442{STARTED}}
2025-12-18 18:54:01,449 [Start Help Server] INFO  o.e.j.s.DefaultSessionIdManager - Session workerName=node0
2025-12-18 18:54:01,498 [Start Help Server] INFO  o.e.jetty.server.AbstractConnector - Started ServerConnector@4e30a3e1{HTTP/1.1, (http/1.1)}{127.0.0.1:51643}
2025-12-18 18:54:01,628 [Start Help Server] INFO  org.eclipse.jetty.server.Server - Started oejs.Server@3e5ccd7d{STARTING}[12.0.12,sto=0] @1870209ms
2025-12-18 18:55:51,148 [Worker-23: Building] INFO  o.a.m.s.f.DefaultMavenResourcesFiltering - Copying 1 resource from src\main\resources to target\classes
2025-12-18 18:55:51,157 [Worker-23: Building] INFO  o.a.m.s.f.DefaultMavenResourcesFiltering - Copying 1 resource from src\main\resources to target\classes
2025-12-18 18:55:51,165 [Worker-23: Building] INFO  o.a.m.s.f.DefaultMavenResourcesFiltering - skip non existing resourceDirectory D:\Career Portal\Backend\CareerPT\src\test\resources
2025-12-18 18:56:51,457 [Worker-29: Building] INFO  o.a.m.s.f.DefaultMavenResourcesFiltering - Copying 1 resource from src\main\resources to target\classes
2025-12-18 18:56:51,465 [Worker-29: Building] INFO  o.a.m.s.f.DefaultMavenResourcesFiltering - Copying 1 resource from src\main\resources to target\classes
2025-12-18 18:56:51,471 [Worker-29: Building] INFO  o.a.m.s.f.DefaultMavenResourcesFiltering - skip non existing resourceDirectory D:\Career Portal\Backend\CareerPT\src\test\resources
2025-12-18 18:57:19,300 [Worker-31: Building] INFO  o.a.m.s.f.DefaultMavenResourcesFiltering - Copying 1 resource from src\main\resources to target\classes
2025-12-18 18:57:19,311 [Worker-31: Building] INFO  o.a.m.s.f.DefaultMavenResourcesFiltering - Copying 1 resource from src\main\resources to target\classes
2025-12-18 18:57:19,319 [Worker-31: Building] INFO  o.a.m.s.f.DefaultMavenResourcesFiltering - skip non existing resourceDirectory D:\Career Portal\Backend\CareerPT\src\test\resources
2025-12-18 18:59:13,492 [Worker-32: Building] INFO  o.a.m.s.f.DefaultMavenResourcesFiltering - Copying 1 resource from src\main\resources to target\classes
2025-12-18 18:59:13,501 [Worker-32: Building] INFO  o.a.m.s.f.DefaultMavenResourcesFiltering - Copying 1 resource from src\main\resources to target\classes
2025-12-18 18:59:13,508 [Worker-32: Building] INFO  o.a.m.s.f.DefaultMavenResourcesFiltering - skip non existing resourceDirectory D:\Career Portal\Backend\CareerPT\src\test\resources
2025-12-18 19:00:06,595 [Worker-32: Building] INFO  o.a.m.s.f.DefaultMavenResourcesFiltering - Copying 1 resource from src\main\resources to target\classes
2025-12-18 19:00:06,607 [Worker-32: Building] INFO  o.a.m.s.f.DefaultMavenResourcesFiltering - Copying 1 resource from src\main\resources to target\classes
2025-12-18 19:00:06,616 [Worker-32: Building] INFO  o.a.m.s.f.DefaultMavenResourcesFiltering - skip non existing resourceDirectory D:\Career Portal\Backend\CareerPT\src\test\resources
2025-12-18 19:20:13,134 [Worker-29: Building] INFO  o.a.m.s.f.DefaultMavenResourcesFiltering - Copying 1 resource from src\main\resources to target\classes
2025-12-18 19:20:13,150 [Worker-29: Building] INFO  o.a.m.s.f.DefaultMavenResourcesFiltering - Copying 1 resource from src\main\resources to target\classes
2025-12-18 19:20:13,158 [Worker-29: Building] INFO  o.a.m.s.f.DefaultMavenResourcesFiltering - skip non existing resourceDirectory D:\Career Portal\Backend\CareerPT\src\test\resources
2025-12-18 19:20:15,967 [Worker-37: Building] INFO  o.a.m.s.f.DefaultMavenResourcesFiltering - Copying 1 resource from src\main\resources to target\classes
2025-12-18 19:20:15,977 [Worker-37: Building] INFO  o.a.m.s.f.DefaultMavenResourcesFiltering - Copying 1 resource from src\main\resources to target\classes
2025-12-18 19:20:15,984 [Worker-37: Building] INFO  o.a.m.s.f.DefaultMavenResourcesFiltering - skip non existing resourceDirectory D:\Career Portal\Backend\CareerPT\src\test\resources
2025-12-18 19:23:10,368 [Worker-40: Building] INFO  o.a.m.s.f.DefaultMavenResourcesFiltering - Copying 1 resource from src\main\resources to target\classes
2025-12-18 19:23:10,377 [Worker-40: Building] INFO  o.a.m.s.f.DefaultMavenResourcesFiltering - Copying 1 resource from src\main\resources to target\classes
2025-12-18 19:23:10,382 [Worker-40: Building] INFO  o.a.m.s.f.DefaultMavenResourcesFiltering - skip non existing resourceDirectory D:\Career Portal\Backend\CareerPT\src\test\resources
2025-12-18 19:23:13,864 [Worker-41: Building] INFO  o.a.m.s.f.DefaultMavenResourcesFiltering - Copying 1 resource from src\main\resources to target\classes
2025-12-18 19:23:13,872 [Worker-41: Building] INFO  o.a.m.s.f.DefaultMavenResourcesFiltering - Copying 1 resource from src\main\resources to target\classes
2025-12-18 19:23:13,878 [Worker-41: Building] INFO  o.a.m.s.f.DefaultMavenResourcesFiltering - skip non existing resourceDirectory D:\Career Portal\Backend\CareerPT\src\test\resources
2025-12-18 19:23:20,940 [Worker-38: Building] INFO  o.a.m.s.f.DefaultMavenResourcesFiltering - Copying 1 resource from src\main\resources to target\classes
2025-12-18 19:23:20,948 [Worker-38: Building] INFO  o.a.m.s.f.DefaultMavenResourcesFiltering - Copying 1 resource from src\main\resources to target\classes
2025-12-18 19:23:20,955 [Worker-38: Building] INFO  o.a.m.s.f.DefaultMavenResourcesFiltering - skip non existing resourceDirectory D:\Career Portal\Backend\CareerPT\src\test\resources
2025-12-18 19:24:15,093 [Worker-40: Building] INFO  o.a.m.s.f.DefaultMavenResourcesFiltering - Copying 1 resource from src\main\resources to target\classes
2025-12-18 19:24:15,102 [Worker-40: Building] INFO  o.a.m.s.f.DefaultMavenResourcesFiltering - Copying 1 resource from src\main\resources to target\classes
2025-12-18 19:24:15,108 [Worker-40: Building] INFO  o.a.m.s.f.DefaultMavenResourcesFiltering - skip non existing resourceDirectory D:\Career Portal\Backend\CareerPT\src\test\resources
2025-12-18 19:24:27,881 [Worker-41: Building] INFO  o.a.m.s.f.DefaultMavenResourcesFiltering - Copying 1 resource from src\main\resources to target\classes
2025-12-18 19:24:27,889 [Worker-41: Building] INFO  o.a.m.s.f.DefaultMavenResourcesFiltering - Copying 1 resource from src\main\resources to target\classes
2025-12-18 19:24:27,896 [Worker-41: Building] INFO  o.a.m.s.f.DefaultMavenResourcesFiltering - skip non existing resourceDirectory D:\Career Portal\Backend\CareerPT\src\test\resources
2025-12-18 19:26:20,370 [Worker-38: Building] INFO  o.a.m.s.f.DefaultMavenResourcesFiltering - Copying 1 resource from src\main\resources to target\classes
2025-12-18 19:26:20,380 [Worker-38: Building] INFO  o.a.m.s.f.DefaultMavenResourcesFiltering - Copying 1 resource from src\main\resources to target\classes
2025-12-18 19:26:20,388 [Worker-38: Building] INFO  o.a.m.s.f.DefaultMavenResourcesFiltering - skip non existing resourceDirectory D:\Career Portal\Backend\CareerPT\src\test\resources
2025-12-18 19:27:14,659 [Worker-38: Building] INFO  o.a.m.s.f.DefaultMavenResourcesFiltering - Copying 1 resource from src\main\resources to target\classes
2025-12-18 19:27:14,667 [Worker-38: Building] INFO  o.a.m.s.f.DefaultMavenResourcesFiltering - Copying 1 resource from src\main\resources to target\classes
2025-12-18 19:27:14,673 [Worker-38: Building] INFO  o.a.m.s.f.DefaultMavenResourcesFiltering - skip non existing resourceDirectory D:\Career Portal\Backend\CareerPT\src\test\resources
2025-12-18 19:35:55,766 [Worker-42: Building] INFO  o.a.m.s.f.DefaultMavenResourcesFiltering - Copying 1 resource from src\main\resources to target\classes
2025-12-18 19:35:55,926 [Worker-42: Building] INFO  o.a.m.s.f.DefaultMavenResourcesFiltering - Copying 1 resource from src\main\resources to target\classes
2025-12-18 19:35:55,936 [Worker-42: Building] INFO  o.a.m.s.f.DefaultMavenResourcesFiltering - skip non existing resourceDirectory D:\Career Portal\Backend\CareerPT\src\test\resources
2025-12-18 19:37:43,306 [Worker-44: Building] INFO  o.a.m.s.f.DefaultMavenResourcesFiltering - Copying 1 resource from src\main\resources to target\classes
2025-12-18 19:37:43,370 [Worker-44: Building] INFO  o.a.m.s.f.DefaultMavenResourcesFiltering - Copying 1 resource from src\main\resources to target\classes
2025-12-18 19:37:43,378 [Worker-44: Building] INFO  o.a.m.s.f.DefaultMavenResourcesFiltering - skip non existing resourceDirectory D:\Career Portal\Backend\CareerPT\src\test\resources
2025-12-18 19:39:12,818 [Worker-45: Building] INFO  o.a.m.s.f.DefaultMavenResourcesFiltering - Copying 1 resource from src\main\resources to target\classes
2025-12-18 19:39:12,828 [Worker-45: Building] INFO  o.a.m.s.f.DefaultMavenResourcesFiltering - Copying 1 resource from src\main\resources to target\classes
2025-12-18 19:39:12,836 [Worker-45: Building] INFO  o.a.m.s.f.DefaultMavenResourcesFiltering - skip non existing resourceDirectory D:\Career Portal\Backend\CareerPT\src\test\resources
2025-12-18 19:50:51,973 [Worker-50: Building] INFO  o.a.m.s.f.DefaultMavenResourcesFiltering - Copying 1 resource from src\main\resources to target\classes
2025-12-18 19:50:51,987 [Worker-50: Building] INFO  o.a.m.s.f.DefaultMavenResourcesFiltering - Copying 1 resource from src\main\resources to target\classes
2025-12-18 19:50:51,990 [Worker-50: Building] INFO  o.a.m.s.f.DefaultMavenResourcesFiltering - skip non existing resourceDirectory D:\Career Portal\Backend\CareerPT\src\test\resources
2025-12-18 19:50:53,724 [Worker-49: Building] INFO  o.a.m.s.f.DefaultMavenResourcesFiltering - Copying 1 resource from src\main\resources to target\classes
2025-12-18 19:50:53,734 [Worker-49: Building] INFO  o.a.m.s.f.DefaultMavenResourcesFiltering - Copying 1 resource from src\main\resources to target\classes
2025-12-18 19:50:53,737 [Worker-49: Building] INFO  o.a.m.s.f.DefaultMavenResourcesFiltering - skip non existing resourceDirectory D:\Career Portal\Backend\CareerPT\src\test\resources
2025-12-18 19:54:24,852 [Worker-50: Building] INFO  o.a.m.s.f.DefaultMavenResourcesFiltering - Copying 1 resource from src\main\resources to target\classes
2025-12-18 19:54:24,861 [Worker-50: Building] INFO  o.a.m.s.f.DefaultMavenResourcesFiltering - Copying 1 resource from src\main\resources to target\classes
2025-12-18 19:54:24,868 [Worker-50: Building] INFO  o.a.m.s.f.DefaultMavenResourcesFiltering - skip non existing resourceDirectory D:\Career Portal\Backend\CareerPT\src\test\resources
2025-12-18 20:14:51,908 [Worker-55: Building] INFO  o.a.m.s.f.DefaultMavenResourcesFiltering - Copying 1 resource from src\main\resources to target\classes
2025-12-18 20:14:51,991 [Worker-55: Building] INFO  o.a.m.s.f.DefaultMavenResourcesFiltering - Copying 1 resource from src\main\resources to target\classes
2025-12-18 20:14:51,996 [Worker-55: Building] INFO  o.a.m.s.f.DefaultMavenResourcesFiltering - skip non existing resourceDirectory D:\Career Portal\Backend\CareerPT\src\test\resources
2025-12-18 20:14:58,747 [Worker-54: Building] INFO  o.a.m.s.f.DefaultMavenResourcesFiltering - Copying 1 resource from src\main\resources to target\classes
2025-12-18 20:14:58,761 [Worker-54: Building] INFO  o.a.m.s.f.DefaultMavenResourcesFiltering - Copying 1 resource from src\main\resources to target\classes
2025-12-18 20:14:58,767 [Worker-54: Building] INFO  o.a.m.s.f.DefaultMavenResourcesFiltering - skip non existing resourceDirectory D:\Career Portal\Backend\CareerPT\src\test\resources
2025-12-18 20:20:43,103 [Worker-58: Building] INFO  o.a.m.s.f.DefaultMavenResourcesFiltering - Copying 1 resource from src\main\resources to target\classes
2025-12-18 20:20:43,113 [Worker-58: Building] INFO  o.a.m.s.f.DefaultMavenResourcesFiltering - Copying 1 resource from src\main\resources to target\classes
2025-12-18 20:20:43,121 [Worker-58: Building] INFO  o.a.m.s.f.DefaultMavenResourcesFiltering - skip non existing resourceDirectory D:\Career Portal\Backend\CareerPT\src\test\resources
2025-12-18 20:20:44,893 [Stop Help Server] INFO  org.eclipse.jetty.server.Server - Stopped oejs.Server@3e5ccd7d{STOPPING}[12.0.12,sto=0]
2025-12-18 20:20:44,902 [Stop Help Server] INFO  o.e.jetty.server.AbstractConnector - Stopped ServerConnector@4e30a3e1{HTTP/1.1, (http/1.1)}{127.0.0.1:0}
2025-12-19 05:54:45,073 [Worker-4: Loading available Gradle versions] INFO  o.e.b.c.i.u.g.PublishedGradleVersions - Gradle version information cache is up-to-date. Trying to read.
2025-12-19 05:58:49,582 [Worker-7: Building] INFO  o.a.m.s.f.DefaultMavenResourcesFiltering - Copying 1 resource from src\main\resources to target\classes
2025-12-19 05:58:49,642 [Worker-7: Building] INFO  o.a.m.s.f.DefaultMavenResourcesFiltering - Copying 1 resource from src\main\resources to target\classes
2025-12-19 05:58:49,650 [Worker-7: Building] INFO  o.a.m.s.f.DefaultMavenResourcesFiltering - skip non existing resourceDirectory D:\Career Portal\Backend\CareerPT\src\test\resources
2025-12-19 05:58:58,148 [Worker-10: Building] INFO  o.a.m.s.f.DefaultMavenResourcesFiltering - Copying 1 resource from src\main\resources to target\classes
2025-12-19 05:58:58,159 [Worker-10: Building] INFO  o.a.m.s.f.DefaultMavenResourcesFiltering - Copying 1 resource from src\main\resources to target\classes
2025-12-19 05:58:58,167 [Worker-10: Building] INFO  o.a.m.s.f.DefaultMavenResourcesFiltering - skip non existing resourceDirectory D:\Career Portal\Backend\CareerPT\src\test\resources
2025-12-19 06:02:11,724 [Worker-16: Building] INFO  o.a.m.s.f.DefaultMavenResourcesFiltering - Copying 1 resource from src\main\resources to target\classes
2025-12-19 06:02:11,738 [Worker-16: Building] INFO  o.a.m.s.f.DefaultMavenResourcesFiltering - Copying 1 resource from src\main\resources to target\classes
2025-12-19 06:02:11,748 [Worker-16: Building] INFO  o.a.m.s.f.DefaultMavenResourcesFiltering - skip non existing resourceDirectory D:\Career Portal\Backend\CareerPT\src\test\resources
2025-12-19 06:02:50,124 [Worker-15: Building] INFO  o.a.m.s.f.DefaultMavenResourcesFiltering - Copying 1 resource from src\main\resources to target\classes
2025-12-19 06:02:50,134 [Worker-15: Building] INFO  o.a.m.s.f.DefaultMavenResourcesFiltering - Copying 1 resource from src\main\resources to target\classes
2025-12-19 06:02:50,142 [Worker-15: Building] INFO  o.a.m.s.f.DefaultMavenResourcesFiltering - skip non existing resourceDirectory D:\Career Portal\Backend\CareerPT\src\test\resources
2025-12-19 06:02:55,707 [Worker-10: Building] INFO  o.a.m.s.f.DefaultMavenResourcesFiltering - Copying 1 resource from src\main\resources to target\classes
2025-12-19 06:02:55,769 [Worker-10: Building] INFO  o.a.m.s.f.DefaultMavenResourcesFiltering - Copying 1 resource from src\main\resources to target\classes
2025-12-19 06:02:55,778 [Worker-10: Building] INFO  o.a.m.s.f.DefaultMavenResourcesFiltering - skip non existing resourceDirectory D:\Career Portal\Backend\CareerPT\src\test\resources
2025-12-19 06:22:16,125 [Worker-22: Building] INFO  o.a.m.s.f.DefaultMavenResourcesFiltering - Copying 1 resource from src\main\resources to target\classes
2025-12-19 06:22:16,185 [Worker-22: Building] INFO  o.a.m.s.f.DefaultMavenResourcesFiltering - Copying 1 resource from src\main\resources to target\classes
2025-12-19 06:22:16,192 [Worker-22: Building] INFO  o.a.m.s.f.DefaultMavenResourcesFiltering - skip non existing resourceDirectory D:\Career Portal\Backend\CareerPT\src\test\resources
2025-12-19 06:22:23,681 [Worker-22: Building] INFO  o.a.m.s.f.DefaultMavenResourcesFiltering - Copying 1 resource from src\main\resources to target\classes
2025-12-19 06:22:23,688 [Worker-22: Building] INFO  o.a.m.s.f.DefaultMavenResourcesFiltering - Copying 1 resource from src\main\resources to target\classes
2025-12-19 06:22:23,694 [Worker-22: Building] INFO  o.a.m.s.f.DefaultMavenResourcesFiltering - skip non existing resourceDirectory D:\Career Portal\Backend\CareerPT\src\test\resources
2025-12-19 06:22:43,560 [Worker-15: Building] INFO  o.a.m.s.f.DefaultMavenResourcesFiltering - Copying 1 resource from src\main\resources to target\classes
2025-12-19 06:22:43,569 [Worker-15: Building] INFO  o.a.m.s.f.DefaultMavenResourcesFiltering - Copying 1 resource from src\main\resources to target\classes
2025-12-19 06:22:43,577 [Worker-15: Building] INFO  o.a.m.s.f.DefaultMavenResourcesFiltering - skip non existing resourceDirectory D:\Career Portal\Backend\CareerPT\src\test\resources
2025-12-19 06:24:31,277 [Worker-15: Building] INFO  o.a.m.s.f.DefaultMavenResourcesFiltering - Copying 1 resource from src\main\resources to target\classes
2025-12-19 06:24:31,287 [Worker-15: Building] INFO  o.a.m.s.f.DefaultMavenResourcesFiltering - Copying 1 resource from src\main\resources to target\classes
2025-12-19 06:24:31,294 [Worker-15: Building] INFO  o.a.m.s.f.DefaultMavenResourcesFiltering - skip non existing resourceDirectory D:\Career Portal\Backend\CareerPT\src\test\resources
2025-12-19 06:25:06,280 [Worker-24: Building] INFO  o.a.m.s.f.DefaultMavenResourcesFiltering - Copying 1 resource from src\main\resources to target\classes
2025-12-19 06:25:06,293 [Worker-24: Building] INFO  o.a.m.s.f.DefaultMavenResourcesFiltering - Copying 1 resource from src\main\resources to target\classes
2025-12-19 06:25:06,301 [Worker-24: Building] INFO  o.a.m.s.f.DefaultMavenResourcesFiltering - skip non existing resourceDirectory D:\Career Portal\Backend\CareerPT\src\test\resources
2025-12-19 06:25:29,494 [Worker-22: Building] INFO  o.a.m.s.f.DefaultMavenResourcesFiltering - Copying 1 resource from src\main\resources to target\classes
2025-12-19 06:25:29,502 [Worker-22: Building] INFO  o.a.m.s.f.DefaultMavenResourcesFiltering - Copying 1 resource from src\main\resources to target\classes
2025-12-19 06:25:29,508 [Worker-22: Building] INFO  o.a.m.s.f.DefaultMavenResourcesFiltering - skip non existing resourceDirectory D:\Career Portal\Backend\CareerPT\src\test\resources
2025-12-19 06:48:27,283 [Worker-27: Building] INFO  o.a.m.s.f.DefaultMavenResourcesFiltering - Copying 1 resource from src\main\resources to target\classes
2025-12-19 06:48:27,476 [Worker-27: Building] INFO  o.a.m.s.f.DefaultMavenResourcesFiltering - Copying 0 resource from src\main\resources to target\classes
2025-12-19 06:48:27,499 [Worker-27: Building] INFO  o.a.m.s.f.DefaultMavenResourcesFiltering - skip non existing resourceDirectory D:\Career Portal\Backend\CareerPT\src\test\resources
2025-12-19 11:31:34,225 [Worker-6: Loading available Gradle versions] INFO  o.e.b.c.i.u.g.PublishedGradleVersions - Gradle version information cache is up-to-date. Trying to read.
2025-12-19 11:32:42,250 [Worker-5: Launching CareerPT - CareerPtApplication] INFO  o.a.m.s.f.DefaultMavenResourcesFiltering - Copying 1 resource from src\main\resources to target\classes
2025-12-19 11:32:42,272 [Worker-5: Launching CareerPT - CareerPtApplication] INFO  o.a.m.s.f.DefaultMavenResourcesFiltering - Copying 1 resource from src\main\resources to target\classes
2025-12-19 11:32:42,282 [Worker-5: Launching CareerPT - CareerPtApplication] INFO  o.a.m.s.f.DefaultMavenResourcesFiltering - skip non existing resourceDirectory D:\Career Portal\Backend\CareerPT\src\test\resources
2025-12-19 11:34:48,174 [Start Help Server] INFO  org.eclipse.jetty.server.Server - jetty-12.0.12; built: 2024-07-25T21:58:37.668Z; git: cc6f1b74db755fed228b50701ad967aeaa68e83f; jvm 21.0.4+7-LTS
2025-12-19 11:34:48,271 [Start Help Server] INFO  o.e.j.server.handler.ContextHandler - Started oeje8n.ContextHandler$CoreContextHandler@3770d698{/help,/help,b=null,a=AVAILABLE,h=oeje8n.ContextHandler$CoreContextHandler$CoreToNestedHandler@124a60ae{STARTED}}
2025-12-19 11:34:48,272 [Start Help Server] INFO  o.e.j.s.DefaultSessionIdManager - Session workerName=node0
2025-12-19 11:34:48,328 [Start Help Server] INFO  o.e.jetty.server.AbstractConnector - Started ServerConnector@513da6a7{HTTP/1.1, (http/1.1)}{127.0.0.1:51260}
2025-12-19 11:34:48,352 [Start Help Server] INFO  org.eclipse.jetty.server.Server - Started oejs.Server@7503e640{STARTING}[12.0.12,sto=0] @238365ms
2025-12-19 11:34:52,192 [Worker-11: Building] INFO  o.a.m.s.f.DefaultMavenResourcesFiltering - Copying 1 resource from src\main\resources to target\classes
2025-12-19 11:34:52,202 [Worker-11: Building] INFO  o.a.m.s.f.DefaultMavenResourcesFiltering - Copying 1 resource from src\main\resources to target\classes
2025-12-19 11:34:52,210 [Worker-11: Building] INFO  o.a.m.s.f.DefaultMavenResourcesFiltering - skip non existing resourceDirectory D:\Career Portal\Backend\CareerPT\src\test\resources
2025-12-19 11:36:26,069 [Worker-5: Building] INFO  o.a.m.s.f.DefaultMavenResourcesFiltering - Copying 1 resource from src\main\resources to target\classes
2025-12-19 11:36:26,077 [Worker-5: Building] INFO  o.a.m.s.f.DefaultMavenResourcesFiltering - Copying 1 resource from src\main\resources to target\classes
2025-12-19 11:36:26,084 [Worker-5: Building] INFO  o.a.m.s.f.DefaultMavenResourcesFiltering - skip non existing resourceDirectory D:\Career Portal\Backend\CareerPT\src\test\resources
2025-12-19 11:42:14,891 [Worker-13: Building] INFO  o.a.m.s.f.DefaultMavenResourcesFiltering - Copying 1 resource from src\main\resources to target\classes
2025-12-19 11:42:14,898 [Worker-13: Building] INFO  o.a.m.s.f.DefaultMavenResourcesFiltering - Copying 1 resource from src\main\resources to target\classes
2025-12-19 11:42:14,905 [Worker-13: Building] INFO  o.a.m.s.f.DefaultMavenResourcesFiltering - skip non existing resourceDirectory D:\Career Portal\Backend\CareerPT\src\test\resources
2025-12-19 12:10:26,304 [Worker-27: Building] INFO  o.a.m.s.f.DefaultMavenResourcesFiltering - Copying 1 resource from src\main\resources to target\classes
2025-12-19 12:10:26,315 [Worker-27: Building] INFO  o.a.m.s.f.DefaultMavenResourcesFiltering - Copying 1 resource from src\main\resources to target\classes
2025-12-19 12:10:26,318 [Worker-27: Building] INFO  o.a.m.s.f.DefaultMavenResourcesFiltering - skip non existing resourceDirectory D:\Career Portal\Backend\CareerPT\src\test\resources
2025-12-19 12:12:05,771 [Stop Help Server] INFO  org.eclipse.jetty.server.Server - Stopped oejs.Server@7503e640{STOPPING}[12.0.12,sto=0]
2025-12-19 12:12:05,778 [Stop Help Server] INFO  o.e.jetty.server.AbstractConnector - Stopped ServerConnector@513da6a7{HTTP/1.1, (http/1.1)}{127.0.0.1:0}
2025-12-19 19:52:42,524 [Worker-4: Loading available Gradle versions] INFO  o.e.b.c.i.u.g.PublishedGradleVersions - Gradle version information cache is out-of-date. Trying to update.
2025-12-20 04:58:48,381 [Worker-5: Loading available Gradle versions] INFO  o.e.b.c.i.u.g.PublishedGradleVersions - Gradle version information cache is up-to-date. Trying to read.
2025-12-20 05:55:40,283 [Worker-31: Building] INFO  o.a.m.s.f.DefaultMavenResourcesFiltering - Copying 1 resource from src\main\resources to target\classes
2025-12-20 05:55:40,326 [Worker-31: Building] INFO  o.a.m.s.f.DefaultMavenResourcesFiltering - Copying 1 resource from src\main\resources to target\classes
2025-12-20 05:55:40,335 [Worker-31: Building] INFO  o.a.m.s.f.DefaultMavenResourcesFiltering - Copying 0 resource from src\test\resources to target\test-classes
2025-12-20 05:55:43,185 [Worker-31: Building] INFO  o.a.m.s.f.DefaultMavenResourcesFiltering - Copying 1 resource from src\main\resources to target\classes
2025-12-20 05:55:43,199 [Worker-31: Building] INFO  o.a.m.s.f.DefaultMavenResourcesFiltering - Copying 1 resource from src\main\resources to target\classes
2025-12-20 05:55:43,205 [Worker-31: Building] INFO  o.a.m.s.f.DefaultMavenResourcesFiltering - skip non existing resourceDirectory D:\Career Portal\Backend\CareerPT\src\test\resources
2025-12-20 05:56:13,994 [Worker-25: Building] INFO  o.a.m.s.f.DefaultMavenResourcesFiltering - Copying 1 resource from src\main\resources to target\classes
2025-12-20 05:56:14,005 [Worker-25: Building] INFO  o.a.m.s.f.DefaultMavenResourcesFiltering - Copying 1 resource from src\main\resources to target\classes
2025-12-20 05:56:14,011 [Worker-25: Building] INFO  o.a.m.s.f.DefaultMavenResourcesFiltering - skip non existing resourceDirectory D:\Career Portal\Backend\CareerPT\src\test\resources
2025-12-20 06:15:17,102 [Start Help Server] INFO  org.eclipse.jetty.server.Server - jetty-12.0.12; built: 2024-07-25T21:58:37.668Z; git: cc6f1b74db755fed228b50701ad967aeaa68e83f; jvm 21.0.4+7-LTS
2025-12-20 06:15:17,212 [Start Help Server] INFO  o.e.j.server.handler.ContextHandler - Started oeje8n.ContextHandler$CoreContextHandler@1ad74af5{/help,/help,b=null,a=AVAILABLE,h=oeje8n.ContextHandler$CoreContextHandler$CoreToNestedHandler@7069f8f6{STARTED}}
2025-12-20 06:15:17,213 [Start Help Server] INFO  o.e.j.s.DefaultSessionIdManager - Session workerName=node0
2025-12-20 06:15:17,288 [Start Help Server] INFO  o.e.jetty.server.AbstractConnector - Started ServerConnector@2e6c2f46{HTTP/1.1, (http/1.1)}{127.0.0.1:63703}
2025-12-20 06:15:17,352 [Start Help Server] INFO  org.eclipse.jetty.server.Server - Started oejs.Server@634a3446{STARTING}[12.0.12,sto=0] @4648497ms
2025-12-20 06:15:48,037 [Worker-27: Building] INFO  o.a.m.s.f.DefaultMavenResourcesFiltering - Copying 1 resource from src\main\resources to target\classes
2025-12-20 06:15:48,053 [Worker-27: Building] INFO  o.a.m.s.f.DefaultMavenResourcesFiltering - Copying 1 resource from src\main\resources to target\classes
2025-12-20 06:15:48,062 [Worker-27: Building] INFO  o.a.m.s.f.DefaultMavenResourcesFiltering - skip non existing resourceDirectory D:\Career Portal\Backend\CareerPT\src\test\resources
2025-12-20 06:17:25,046 [Worker-37: Building] INFO  o.a.m.s.f.DefaultMavenResourcesFiltering - Copying 1 resource from src\main\resources to target\classes
2025-12-20 06:17:25,055 [Worker-37: Building] INFO  o.a.m.s.f.DefaultMavenResourcesFiltering - Copying 1 resource from src\main\resources to target\classes
2025-12-20 06:17:25,062 [Worker-37: Building] INFO  o.a.m.s.f.DefaultMavenResourcesFiltering - skip non existing resourceDirectory D:\Career Portal\Backend\CareerPT\src\test\resources
2025-12-20 06:24:41,694 [Worker-41: Building] INFO  o.a.m.s.f.DefaultMavenResourcesFiltering - Copying 1 resource from src\main\resources to target\classes
2025-12-20 06:24:41,705 [Worker-41: Building] INFO  o.a.m.s.f.DefaultMavenResourcesFiltering - Copying 1 resource from src\main\resources to target\classes
2025-12-20 06:24:41,717 [Worker-41: Building] INFO  o.a.m.s.f.DefaultMavenResourcesFiltering - skip non existing resourceDirectory D:\Career Portal\Backend\CareerPT\src\test\resources
2025-12-20 06:24:44,416 [Worker-42: Building] INFO  o.a.m.s.f.DefaultMavenResourcesFiltering - Copying 1 resource from src\main\resources to target\classes
2025-12-20 06:24:44,425 [Worker-42: Building] INFO  o.a.m.s.f.DefaultMavenResourcesFiltering - Copying 1 resource from src\main\resources to target\classes
2025-12-20 06:24:44,431 [Worker-42: Building] INFO  o.a.m.s.f.DefaultMavenResourcesFiltering - skip non existing resourceDirectory D:\Career Portal\Backend\CareerPT\src\test\resources
2025-12-20 06:37:54,193 [Stop Help Server] INFO  org.eclipse.jetty.server.Server - Stopped oejs.Server@634a3446{STOPPING}[12.0.12,sto=0]
2025-12-20 06:37:54,201 [Stop Help Server] INFO  o.e.jetty.server.AbstractConnector - Stopped ServerConnector@2e6c2f46{HTTP/1.1, (http/1.1)}{127.0.0.1:0}
2025-12-21 11:27:51,269 [Worker-4: Loading available Gradle versions] INFO  o.e.b.c.i.u.g.PublishedGradleVersions - Gradle version information cache is out-of-date. Trying to update.
2025-12-21 11:50:53,632 [Worker-13: Building] INFO  o.a.m.s.f.DefaultMavenResourcesFiltering - Copying 1 resource from src\main\resources to target\classes
2025-12-21 11:50:53,672 [Worker-13: Building] INFO  o.a.m.s.f.DefaultMavenResourcesFiltering - Copying 1 resource from src\main\resources to target\classes
2025-12-21 11:50:53,678 [Worker-13: Building] INFO  o.a.m.s.f.DefaultMavenResourcesFiltering - skip non existing resourceDirectory D:\Career Portal\Backend\CareerPT\src\test\resources
2025-12-21 11:54:26,398 [Worker-18: Building] INFO  o.a.m.s.f.DefaultMavenResourcesFiltering - Copying 1 resource from src\main\resources to target\classes
2025-12-21 11:54:26,408 [Worker-18: Building] INFO  o.a.m.s.f.DefaultMavenResourcesFiltering - Copying 1 resource from src\main\resources to target\classes
2025-12-21 11:54:26,415 [Worker-18: Building] INFO  o.a.m.s.f.DefaultMavenResourcesFiltering - skip non existing resourceDirectory D:\Career Portal\Backend\CareerPT\src\test\resources
2025-12-21 17:27:33,572 [Worker-4: Loading available Gradle versions] INFO  o.e.b.c.i.u.g.PublishedGradleVersions - Gradle version information cache is up-to-date. Trying to read.
2025-12-21 18:07:05,015 [Worker-20: Building] INFO  o.a.m.s.f.DefaultMavenResourcesFiltering - Copying 1 resource from src\main\resources to target\classes
2025-12-21 18:07:05,042 [Worker-20: Building] INFO  o.a.m.s.f.DefaultMavenResourcesFiltering - Copying 1 resource from src\main\resources to target\classes
2025-12-21 18:07:05,050 [Worker-20: Building] INFO  o.a.m.s.f.DefaultMavenResourcesFiltering - skip non existing resourceDirectory D:\Career Portal\Backend\CareerPT\src\test\resources
2025-12-21 18:07:27,000 [Worker-23: Building] INFO  o.a.m.s.f.DefaultMavenResourcesFiltering - Copying 1 resource from src\main\resources to target\classes
2025-12-21 18:07:27,011 [Worker-23: Building] INFO  o.a.m.s.f.DefaultMavenResourcesFiltering - Copying 1 resource from src\main\resources to target\classes
2025-12-21 18:07:27,020 [Worker-23: Building] INFO  o.a.m.s.f.DefaultMavenResourcesFiltering - skip non existing resourceDirectory D:\Career Portal\Backend\CareerPT\src\test\resources
2025-12-21 18:07:50,953 [Worker-23: Building] INFO  o.a.m.s.f.DefaultMavenResourcesFiltering - Copying 1 resource from src\main\resources to target\classes
2025-12-21 18:07:50,963 [Worker-23: Building] INFO  o.a.m.s.f.DefaultMavenResourcesFiltering - Copying 1 resource from src\main\resources to target\classes
2025-12-21 18:07:50,969 [Worker-23: Building] INFO  o.a.m.s.f.DefaultMavenResourcesFiltering - skip non existing resourceDirectory D:\Career Portal\Backend\CareerPT\src\test\resources
2025-12-21 18:08:01,827 [Worker-22: Building] INFO  o.a.m.s.f.DefaultMavenResourcesFiltering - Copying 1 resource from src\main\resources to target\classes
2025-12-21 18:08:01,836 [Worker-22: Building] INFO  o.a.m.s.f.DefaultMavenResourcesFiltering - Copying 1 resource from src\main\resources to target\classes
2025-12-21 18:08:01,844 [Worker-22: Building] INFO  o.a.m.s.f.DefaultMavenResourcesFiltering - skip non existing resourceDirectory D:\Career Portal\Backend\CareerPT\src\test\resources
2025-12-21 18:08:30,224 [Worker-23: Building] INFO  o.a.m.s.f.DefaultMavenResourcesFiltering - Copying 1 resource from src\main\resources to target\classes
2025-12-21 18:08:30,234 [Worker-23: Building] INFO  o.a.m.s.f.DefaultMavenResourcesFiltering - Copying 1 resource from src\main\resources to target\classes
2025-12-21 18:08:30,241 [Worker-23: Building] INFO  o.a.m.s.f.DefaultMavenResourcesFiltering - skip non existing resourceDirectory D:\Career Portal\Backend\CareerPT\src\test\resources
2025-12-21 18:10:27,264 [Worker-23: Building] INFO  o.a.m.s.f.DefaultMavenResourcesFiltering - Copying 1 resource from src\main\resources to target\classes
2025-12-21 18:10:27,282 [Worker-23: Building] INFO  o.a.m.s.f.DefaultMavenResourcesFiltering - Copying 1 resource from src\main\resources to target\classes
2025-12-21 18:10:27,291 [Worker-23: Building] INFO  o.a.m.s.f.DefaultMavenResourcesFiltering - skip non existing resourceDirectory D:\Career Portal\Backend\CareerPT\src\test\resources
2025-12-21 18:11:21,695 [Worker-19: Building] INFO  o.a.m.s.f.DefaultMavenResourcesFiltering - Copying 1 resource from src\main\resources to target\classes
2025-12-21 18:11:21,709 [Worker-19: Building] INFO  o.a.m.s.f.DefaultMavenResourcesFiltering - Copying 1 resource from src\main\resources to target\classes
2025-12-21 18:11:21,718 [Worker-19: Building] INFO  o.a.m.s.f.DefaultMavenResourcesFiltering - skip non existing resourceDirectory D:\Career Portal\Backend\CareerPT\src\test\resources
2025-12-21 18:15:50,665 [Worker-19: Building] INFO  o.a.m.s.f.DefaultMavenResourcesFiltering - Copying 1 resource from src\main\resources to target\classes
2025-12-21 18:15:50,682 [Worker-19: Building] INFO  o.a.m.s.f.DefaultMavenResourcesFiltering - Copying 1 resource from src\main\resources to target\classes
2025-12-21 18:15:50,693 [Worker-19: Building] INFO  o.a.m.s.f.DefaultMavenResourcesFiltering - skip non existing resourceDirectory D:\Career Portal\Backend\CareerPT\src\test\resources
2025-12-21 18:15:53,699 [Worker-19: Building] INFO  o.a.m.s.f.DefaultMavenResourcesFiltering - Copying 1 resource from src\main\resources to target\classes
2025-12-21 18:15:53,707 [Worker-19: Building] INFO  o.a.m.s.f.DefaultMavenResourcesFiltering - Copying 1 resource from src\main\resources to target\classes
2025-12-21 18:15:53,718 [Worker-19: Building] INFO  o.a.m.s.f.DefaultMavenResourcesFiltering - skip non existing resourceDirectory D:\Career Portal\Backend\CareerPT\src\test\resources
2025-12-21 18:15:57,260 [Worker-20: Building] INFO  o.a.m.s.f.DefaultMavenResourcesFiltering - Copying 1 resource from src\main\resources to target\classes
2025-12-21 18:15:57,270 [Worker-20: Building] INFO  o.a.m.s.f.DefaultMavenResourcesFiltering - Copying 1 resource from src\main\resources to target\classes
2025-12-21 18:15:57,278 [Worker-20: Building] INFO  o.a.m.s.f.DefaultMavenResourcesFiltering - skip non existing resourceDirectory D:\Career Portal\Backend\CareerPT\src\test\resources
2025-12-21 18:24:29,703 [Start Help Server] INFO  org.eclipse.jetty.server.Server - jetty-12.0.12; built: 2024-07-25T21:58:37.668Z; git: cc6f1b74db755fed228b50701ad967aeaa68e83f; jvm 21.0.4+7-LTS
2025-12-21 18:24:29,794 [Start Help Server] INFO  o.e.j.server.handler.ContextHandler - Started oeje8n.ContextHandler$CoreContextHandler@191655fb{/help,/help,b=null,a=AVAILABLE,h=oeje8n.ContextHandler$CoreContextHandler$CoreToNestedHandler@3dcf68df{STARTED}}
2025-12-21 18:24:29,795 [Start Help Server] INFO  o.e.j.s.DefaultSessionIdManager - Session workerName=node0
2025-12-21 18:24:29,851 [Start Help Server] INFO  o.e.jetty.server.AbstractConnector - Started ServerConnector@1af230a0{HTTP/1.1, (http/1.1)}{127.0.0.1:64786}
2025-12-21 18:24:29,878 [Start Help Server] INFO  org.eclipse.jetty.server.Server - Started oejs.Server@3932179{STARTING}[12.0.12,sto=0] @3437497ms
2025-12-21 18:25:11,565 [Worker-29: Building] INFO  o.a.m.s.f.DefaultMavenResourcesFiltering - Copying 1 resource from src\main\resources to target\classes
2025-12-21 18:25:11,596 [Worker-29: Building] INFO  o.a.m.s.f.DefaultMavenResourcesFiltering - Copying 1 resource from src\main\resources to target\classes
2025-12-21 18:25:11,602 [Worker-29: Building] INFO  o.a.m.s.f.DefaultMavenResourcesFiltering - skip non existing resourceDirectory D:\Career Portal\Backend\CareerPT\src\test\resources
2025-12-21 18:26:38,645 [Worker-27: Building] INFO  o.a.m.s.f.DefaultMavenResourcesFiltering - Copying 1 resource from src\main\resources to target\classes
2025-12-21 18:26:38,659 [Worker-27: Building] INFO  o.a.m.s.f.DefaultMavenResourcesFiltering - Copying 1 resource from src\main\resources to target\classes
2025-12-21 18:26:38,665 [Worker-27: Building] INFO  o.a.m.s.f.DefaultMavenResourcesFiltering - skip non existing resourceDirectory D:\Career Portal\Backend\CareerPT\src\test\resources
2025-12-21 18:45:32,446 [Worker-33: Building] INFO  o.a.m.s.f.DefaultMavenResourcesFiltering - Copying 1 resource from src\main\resources to target\classes
2025-12-21 18:45:32,801 [Worker-33: Building] INFO  o.a.m.s.f.DefaultMavenResourcesFiltering - Copying 1 resource from src\main\resources to target\classes
2025-12-21 18:45:32,811 [Worker-33: Building] INFO  o.a.m.s.f.DefaultMavenResourcesFiltering - skip non existing resourceDirectory D:\Career Portal\Backend\CareerPT\src\test\resources
2025-12-21 20:14:46,317 [Stop Help Server] INFO  org.eclipse.jetty.server.Server - Stopped oejs.Server@3932179{STOPPING}[12.0.12,sto=0]
2025-12-21 20:14:46,331 [Stop Help Server] INFO  o.e.jetty.server.AbstractConnector - Stopped ServerConnector@1af230a0{HTTP/1.1, (http/1.1)}{127.0.0.1:0}
2025-12-22 10:44:05,701 [Worker-4: Loading available Gradle versions] INFO  o.e.b.c.i.u.g.PublishedGradleVersions - Gradle version information cache is up-to-date. Trying to read.
2025-12-22 11:05:14,693 [Worker-10: Building] INFO  o.a.m.s.f.DefaultMavenResourcesFiltering - Copying 1 resource from src\main\resources to target\classes
2025-12-22 11:05:14,747 [Worker-10: Building] INFO  o.a.m.s.f.DefaultMavenResourcesFiltering - Copying 1 resource from src\main\resources to target\classes
2025-12-22 11:05:14,757 [Worker-10: Building] INFO  o.a.m.s.f.DefaultMavenResourcesFiltering - skip non existing resourceDirectory D:\Career Portal\Backend\CareerPT\src\test\resources
2025-12-22 19:14:32,999 [Worker-1: Loading available Gradle versions] INFO  o.e.b.c.i.u.g.PublishedGradleVersions - Gradle version information cache is out-of-date. Trying to update.
2025-12-22 19:16:28,164 [Worker-3: Building] INFO  o.a.m.s.f.DefaultMavenResourcesFiltering - Copying 1 resource from src\main\resources to target\classes
2025-12-22 19:16:28,199 [Worker-3: Building] INFO  o.a.m.s.f.DefaultMavenResourcesFiltering - Copying 1 resource from src\main\resources to target\classes
2025-12-22 19:16:28,206 [Worker-3: Building] INFO  o.a.m.s.f.DefaultMavenResourcesFiltering - skip non existing resourceDirectory D:\Career Portal\Backend\CareerPT\src\test\resources
2025-12-23 10:53:43,942 [Worker-6: Loading available Gradle versions] INFO  o.e.b.c.i.u.g.PublishedGradleVersions - Gradle version information cache is up-to-date. Trying to read.
2025-12-23 10:56:22,827 [Worker-2: Building] INFO  o.a.m.s.f.DefaultMavenResourcesFiltering - Copying 1 resource from src\main\resources to target\classes
2025-12-23 10:56:22,873 [Worker-2: Building] INFO  o.a.m.s.f.DefaultMavenResourcesFiltering - Copying 1 resource from src\main\resources to target\classes
2025-12-23 10:56:22,884 [Worker-2: Building] INFO  o.a.m.s.f.DefaultMavenResourcesFiltering - skip non existing resourceDirectory D:\Career Portal\Backend\CareerPT\src\test\resources
2025-12-23 19:12:36,758 [Worker-4: Loading available Gradle versions] INFO  o.e.b.c.i.u.g.PublishedGradleVersions - Gradle version information cache is up-to-date. Trying to read.
2025-12-23 19:14:12,947 [Worker-6: Building] INFO  o.a.m.s.f.DefaultMavenResourcesFiltering - Copying 1 resource from src\main\resources to target\classes
2025-12-23 19:14:12,984 [Worker-6: Building] INFO  o.a.m.s.f.DefaultMavenResourcesFiltering - Copying 1 resource from src\main\resources to target\classes
2025-12-23 19:14:12,990 [Worker-6: Building] INFO  o.a.m.s.f.DefaultMavenResourcesFiltering - skip non existing resourceDirectory D:\Career Portal\Backend\CareerPT\src\test\resources
2025-12-24 11:01:04,728 [Worker-6: Loading available Gradle versions] INFO  o.e.b.c.i.u.g.PublishedGradleVersions - Gradle version information cache is out-of-date. Trying to update.
2025-12-24 11:01:33,008 [Worker-3: Building] INFO  o.a.m.s.f.DefaultMavenResourcesFiltering - Copying 1 resource from src\main\resources to target\classes
2025-12-24 11:01:33,032 [Worker-3: Building] INFO  o.a.m.s.f.DefaultMavenResourcesFiltering - Copying 1 resource from src\main\resources to target\classes
2025-12-24 11:01:33,041 [Worker-3: Building] INFO  o.a.m.s.f.DefaultMavenResourcesFiltering - skip non existing resourceDirectory D:\Career Portal\Backend\CareerPT\src\test\resources
2025-12-24 17:59:56,128 [Worker-1: Loading available Gradle versions] INFO  o.e.b.c.i.u.g.PublishedGradleVersions - Gradle version information cache is up-to-date. Trying to read.
2025-12-24 18:25:52,109 [Worker-0: Building] INFO  o.a.m.s.f.DefaultMavenResourcesFiltering - Copying 1 resource from src\main\resources to target\classes
2025-12-24 18:25:52,143 [Worker-0: Building] INFO  o.a.m.s.f.DefaultMavenResourcesFiltering - Copying 1 resource from src\main\resources to target\classes
2025-12-24 18:25:52,152 [Worker-0: Building] INFO  o.a.m.s.f.DefaultMavenResourcesFiltering - skip non existing resourceDirectory D:\Career Portal\Backend\CareerPT\src\test\resources
2025-12-24 18:52:09,646 [Worker-3: Building] INFO  o.e.m.c.i.l.LifecycleMappingFactory - Using org.eclipse.m2e.jdt.JarLifecycleMapping lifecycle mapping for MavenProject: com.example:CareerPT:0.0.1-SNAPSHOT @ D:\Career Portal\Backend\CareerPT\pom.xml.
2025-12-24 18:52:13,286 [Worker-3: Building] INFO  o.a.m.s.f.DefaultMavenResourcesFiltering - Copying 0 resource from src\main\resources to target\classes
2025-12-24 18:52:13,289 [Worker-3: Building] INFO  o.a.m.s.f.DefaultMavenResourcesFiltering - Copying 0 resource from src\main\resources to target\classes
2025-12-24 18:52:13,294 [Worker-3: Building] INFO  o.a.m.s.f.DefaultMavenResourcesFiltering - skip non existing resourceDirectory D:\Career Portal\Backend\CareerPT\src\test\resources
2025-12-24 18:52:15,174 [Worker-14: Building] INFO  o.a.m.s.f.DefaultMavenResourcesFiltering - Copying 1 resource from src\main\resources to target\classes
2025-12-24 18:52:15,201 [Worker-14: Building] INFO  o.a.m.s.f.DefaultMavenResourcesFiltering - Copying 1 resource from src\main\resources to target\classes
2025-12-24 18:52:15,212 [Worker-14: Building] INFO  o.a.m.s.f.DefaultMavenResourcesFiltering - skip non existing resourceDirectory D:\Career Portal\Backend\CareerPT\src\test\resources
2025-12-24 18:59:43,467 [Start Help Server] INFO  org.eclipse.jetty.server.Server - jetty-12.0.12; built: 2024-07-25T21:58:37.668Z; git: cc6f1b74db755fed228b50701ad967aeaa68e83f; jvm 21.0.4+7-LTS
2025-12-24 18:59:43,524 [Start Help Server] INFO  o.e.j.server.handler.ContextHandler - Started oeje8n.ContextHandler$CoreContextHandler@63825331{/help,/help,b=null,a=AVAILABLE,h=oeje8n.ContextHandler$CoreContextHandler$CoreToNestedHandler@3133d614{STARTED}}
2025-12-24 18:59:43,525 [Start Help Server] INFO  o.e.j.s.DefaultSessionIdManager - Session workerName=node0
2025-12-24 18:59:43,559 [Start Help Server] INFO  o.e.jetty.server.AbstractConnector - Started ServerConnector@17ebc078{HTTP/1.1, (http/1.1)}{127.0.0.1:64167}
2025-12-24 18:59:43,580 [Start Help Server] INFO  org.eclipse.jetty.server.Server - Started oejs.Server@207ac0f0{STARTING}[12.0.12,sto=0] @3649339ms
2025-12-24 19:25:12,762 [Worker-26: Building] INFO  o.a.m.s.f.DefaultMavenResourcesFiltering - Copying 1 resource from src\main\resources to target\classes
2025-12-24 19:25:12,772 [Worker-26: Building] INFO  o.a.m.s.f.DefaultMavenResourcesFiltering - Copying 1 resource from src\main\resources to target\classes
2025-12-24 19:25:12,777 [Worker-26: Building] INFO  o.a.m.s.f.DefaultMavenResourcesFiltering - skip non existing resourceDirectory D:\Career Portal\Backend\CareerPT\src\test\resources
2025-12-24 19:57:50,008 [Worker-44: Building] INFO  o.a.m.s.f.DefaultMavenResourcesFiltering - Copying 1 resource from src\main\resources to target\classes
2025-12-24 19:57:50,019 [Worker-44: Building] INFO  o.a.m.s.f.DefaultMavenResourcesFiltering - Copying 1 resource from src\main\resources to target\classes
2025-12-24 19:57:50,030 [Worker-44: Building] INFO  o.a.m.s.f.DefaultMavenResourcesFiltering - skip non existing resourceDirectory D:\Career Portal\Backend\CareerPT\src\test\resources
2025-12-24 20:01:58,922 [Worker-43: Building] INFO  o.a.m.s.f.DefaultMavenResourcesFiltering - Copying 1 resource from src\main\resources to target\classes
2025-12-24 20:01:58,937 [Worker-43: Building] INFO  o.a.m.s.f.DefaultMavenResourcesFiltering - Copying 1 resource from src\main\resources to target\classes
2025-12-24 20:01:58,945 [Worker-43: Building] INFO  o.a.m.s.f.DefaultMavenResourcesFiltering - skip non existing resourceDirectory D:\Career Portal\Backend\CareerPT\src\test\resources
2025-12-24 20:06:44,885 [Worker-47: Building] INFO  o.a.m.s.f.DefaultMavenResourcesFiltering - Copying 1 resource from src\main\resources to target\classes
2025-12-24 20:06:44,895 [Worker-47: Building] INFO  o.a.m.s.f.DefaultMavenResourcesFiltering - Copying 1 resource from src\main\resources to target\classes
2025-12-24 20:06:44,903 [Worker-47: Building] INFO  o.a.m.s.f.DefaultMavenResourcesFiltering - skip non existing resourceDirectory D:\Career Portal\Backend\CareerPT\src\test\resources
2025-12-24 20:06:58,018 [Stop Help Server] INFO  org.eclipse.jetty.server.Server - Stopped oejs.Server@207ac0f0{STOPPING}[12.0.12,sto=0]
2025-12-24 20:06:58,026 [Stop Help Server] INFO  o.e.jetty.server.AbstractConnector - Stopped ServerConnector@17ebc078{HTTP/1.1, (http/1.1)}{127.0.0.1:0}
2025-12-25 07:46:52,562 [Worker-4: Loading available Gradle versions] INFO  o.e.b.c.i.u.g.PublishedGradleVersions - Gradle version information cache is up-to-date. Trying to read.
2025-12-25 08:05:35,763 [Worker-17: Building] INFO  o.a.m.s.f.DefaultMavenResourcesFiltering - Copying 1 resource from src\main\resources to target\classes
2025-12-25 08:05:35,794 [Worker-17: Building] INFO  o.a.m.s.f.DefaultMavenResourcesFiltering - Copying 1 resource from src\main\resources to target\classes
2025-12-25 08:05:35,804 [Worker-17: Building] INFO  o.a.m.s.f.DefaultMavenResourcesFiltering - skip non existing resourceDirectory D:\Career Portal\Backend\CareerPT\src\test\resources
2025-12-25 08:10:23,705 [Worker-21: Building] INFO  o.a.m.s.f.DefaultMavenResourcesFiltering - Copying 1 resource from src\main\resources to target\classes
2025-12-25 08:10:23,716 [Worker-21: Building] INFO  o.a.m.s.f.DefaultMavenResourcesFiltering - Copying 1 resource from src\main\resources to target\classes
2025-12-25 08:10:23,722 [Worker-21: Building] INFO  o.a.m.s.f.DefaultMavenResourcesFiltering - skip non existing resourceDirectory D:\Career Portal\Backend\CareerPT\src\test\resources
2025-12-25 08:11:35,598 [Worker-22: Building] INFO  o.a.m.s.f.DefaultMavenResourcesFiltering - Copying 1 resource from src\main\resources to target\classes
2025-12-25 08:11:35,607 [Worker-22: Building] INFO  o.a.m.s.f.DefaultMavenResourcesFiltering - Copying 1 resource from src\main\resources to target\classes
2025-12-25 08:11:35,613 [Worker-22: Building] INFO  o.a.m.s.f.DefaultMavenResourcesFiltering - skip non existing resourceDirectory D:\Career Portal\Backend\CareerPT\src\test\resources
2025-12-25 08:17:05,424 [Worker-25: Building] INFO  o.a.m.s.f.DefaultMavenResourcesFiltering - Copying 1 resource from src\main\resources to target\classes
2025-12-25 08:17:05,437 [Worker-25: Building] INFO  o.a.m.s.f.DefaultMavenResourcesFiltering - Copying 1 resource from src\main\resources to target\classes
2025-12-25 08:17:05,443 [Worker-25: Building] INFO  o.a.m.s.f.DefaultMavenResourcesFiltering - skip non existing resourceDirectory D:\Career Portal\Backend\CareerPT\src\test\resources
2025-12-25 08:19:34,806 [Worker-29: Building] INFO  o.a.m.s.f.DefaultMavenResourcesFiltering - Copying 1 resource from src\main\resources to target\classes
2025-12-25 08:19:34,817 [Worker-29: Building] INFO  o.a.m.s.f.DefaultMavenResourcesFiltering - Copying 1 resource from src\main\resources to target\classes
2025-12-25 08:19:34,824 [Worker-29: Building] INFO  o.a.m.s.f.DefaultMavenResourcesFiltering - skip non existing resourceDirectory D:\Career Portal\Backend\CareerPT\src\test\resources
2025-12-25 08:23:57,435 [Worker-28: Building] INFO  o.a.m.s.f.DefaultMavenResourcesFiltering - Copying 1 resource from src\main\resources to target\classes
2025-12-25 08:23:57,463 [Worker-28: Building] INFO  o.a.m.s.f.DefaultMavenResourcesFiltering - Copying 1 resource from src\main\resources to target\classes
2025-12-25 08:23:57,474 [Worker-28: Building] INFO  o.a.m.s.f.DefaultMavenResourcesFiltering - skip non existing resourceDirectory D:\Career Portal\Backend\CareerPT\src\test\resources
2025-12-25 08:24:01,003 [Worker-23: Building] INFO  o.a.m.s.f.DefaultMavenResourcesFiltering - Copying 1 resource from src\main\resources to target\classes
2025-12-25 08:24:01,015 [Worker-23: Building] INFO  o.a.m.s.f.DefaultMavenResourcesFiltering - Copying 1 resource from src\main\resources to target\classes
2025-12-25 08:24:01,022 [Worker-23: Building] INFO  o.a.m.s.f.DefaultMavenResourcesFiltering - skip non existing resourceDirectory D:\Career Portal\Backend\CareerPT\src\test\resources
2025-12-25 08:33:50,980 [Worker-39: Building] INFO  o.a.m.s.f.DefaultMavenResourcesFiltering - Copying 1 resource from src\main\resources to target\classes
2025-12-25 08:33:50,989 [Worker-39: Building] INFO  o.a.m.s.f.DefaultMavenResourcesFiltering - Copying 1 resource from src\main\resources to target\classes
2025-12-25 08:33:50,997 [Worker-39: Building] INFO  o.a.m.s.f.DefaultMavenResourcesFiltering - skip non existing resourceDirectory D:\Career Portal\Backend\CareerPT\src\test\resources
2025-12-25 08:34:01,096 [Worker-34: Building] INFO  o.a.m.s.f.DefaultMavenResourcesFiltering - Copying 1 resource from src\main\resources to target\classes
2025-12-25 08:34:01,105 [Worker-34: Building] INFO  o.a.m.s.f.DefaultMavenResourcesFiltering - Copying 1 resource from src\main\resources to target\classes
2025-12-25 08:34:01,115 [Worker-34: Building] INFO  o.a.m.s.f.DefaultMavenResourcesFiltering - skip non existing resourceDirectory D:\Career Portal\Backend\CareerPT\src\test\resources
2025-12-25 08:35:26,060 [Worker-39: Building] INFO  o.a.m.s.f.DefaultMavenResourcesFiltering - Copying 1 resource from src\main\resources to target\classes
2025-12-25 08:35:26,071 [Worker-39: Building] INFO  o.a.m.s.f.DefaultMavenResourcesFiltering - Copying 1 resource from src\main\resources to target\classes
2025-12-25 08:35:26,078 [Worker-39: Building] INFO  o.a.m.s.f.DefaultMavenResourcesFiltering - skip non existing resourceDirectory D:\Career Portal\Backend\CareerPT\src\test\resources
2025-12-25 08:36:42,397 [Worker-38: Building] INFO  o.a.m.s.f.DefaultMavenResourcesFiltering - Copying 1 resource from src\main\resources to target\classes
2025-12-25 08:36:42,405 [Worker-38: Building] INFO  o.a.m.s.f.DefaultMavenResourcesFiltering - Copying 1 resource from src\main\resources to target\classes
2025-12-25 08:36:42,410 [Worker-38: Building] INFO  o.a.m.s.f.DefaultMavenResourcesFiltering - skip non existing resourceDirectory D:\Career Portal\Backend\CareerPT\src\test\resources
2025-12-25 08:42:20,146 [Worker-39: Building] INFO  o.a.m.s.f.DefaultMavenResourcesFiltering - Copying 1 resource from src\main\resources to target\classes
2025-12-25 08:42:20,159 [Worker-39: Building] INFO  o.a.m.s.f.DefaultMavenResourcesFiltering - Copying 1 resource from src\main\resources to target\classes
2025-12-25 08:42:20,166 [Worker-39: Building] INFO  o.a.m.s.f.DefaultMavenResourcesFiltering - skip non existing resourceDirectory D:\Career Portal\Backend\CareerPT\src\test\resources
2025-12-25 08:42:50,497 [Worker-39: Building] INFO  o.a.m.s.f.DefaultMavenResourcesFiltering - Copying 1 resource from src\main\resources to target\classes
2025-12-25 08:42:50,508 [Worker-39: Building] INFO  o.a.m.s.f.DefaultMavenResourcesFiltering - Copying 1 resource from src\main\resources to target\classes
2025-12-25 08:42:50,517 [Worker-39: Building] INFO  o.a.m.s.f.DefaultMavenResourcesFiltering - skip non existing resourceDirectory D:\Career Portal\Backend\CareerPT\src\test\resources
2025-12-25 08:49:52,763 [Worker-39: Building] INFO  o.a.m.s.f.DefaultMavenResourcesFiltering - Copying 1 resource from src\main\resources to target\classes
2025-12-25 08:49:52,774 [Worker-39: Building] INFO  o.a.m.s.f.DefaultMavenResourcesFiltering - Copying 1 resource from src\main\resources to target\classes
2025-12-25 08:49:52,780 [Worker-39: Building] INFO  o.a.m.s.f.DefaultMavenResourcesFiltering - skip non existing resourceDirectory D:\Career Portal\Backend\CareerPT\src\test\resources
2025-12-25 08:50:32,663 [Worker-38: Building] INFO  o.a.m.s.f.DefaultMavenResourcesFiltering - Copying 1 resource from src\main\resources to target\classes
2025-12-25 08:50:32,671 [Worker-38: Building] INFO  o.a.m.s.f.DefaultMavenResourcesFiltering - Copying 1 resource from src\main\resources to target\classes
2025-12-25 08:50:32,676 [Worker-38: Building] INFO  o.a.m.s.f.DefaultMavenResourcesFiltering - skip non existing resourceDirectory D:\Career Portal\Backend\CareerPT\src\test\resources
2025-12-25 09:33:59,142 [Start Help Server] INFO  org.eclipse.jetty.server.Server - jetty-12.0.12; built: 2024-07-25T21:58:37.668Z; git: cc6f1b74db755fed228b50701ad967aeaa68e83f; jvm 21.0.4+7-LTS
2025-12-25 09:33:59,218 [Start Help Server] INFO  o.e.j.server.handler.ContextHandler - Started oeje8n.ContextHandler$CoreContextHandler@354f67c3{/help,/help,b=null,a=AVAILABLE,h=oeje8n.ContextHandler$CoreContextHandler$CoreToNestedHandler@1d8c647c{STARTED}}
2025-12-25 09:33:59,219 [Start Help Server] INFO  o.e.j.s.DefaultSessionIdManager - Session workerName=node0
2025-12-25 09:33:59,297 [Start Help Server] INFO  o.e.jetty.server.AbstractConnector - Started ServerConnector@437affed{HTTP/1.1, (http/1.1)}{127.0.0.1:56620}
2025-12-25 09:33:59,332 [Start Help Server] INFO  org.eclipse.jetty.server.Server - Started oejs.Server@6b94ed13{STARTING}[12.0.12,sto=0] @6691812ms
2025-12-25 09:49:46,183 [Worker-64: Building] INFO  o.e.m.c.i.l.LifecycleMappingFactory - Using org.eclipse.m2e.jdt.JarLifecycleMapping lifecycle mapping for MavenProject: com.example:CareerPT:0.0.1-SNAPSHOT @ D:\Career Portal\Backend\CareerPT\pom.xml.
2025-12-25 09:49:58,224 [Worker-64: Building] INFO  o.a.m.s.f.DefaultMavenResourcesFiltering - Copying 0 resource from src\main\resources to target\classes
2025-12-25 09:49:58,226 [Worker-64: Building] INFO  o.a.m.s.f.DefaultMavenResourcesFiltering - Copying 0 resource from src\main\resources to target\classes
2025-12-25 09:49:58,234 [Worker-64: Building] INFO  o.a.m.s.f.DefaultMavenResourcesFiltering - skip non existing resourceDirectory D:\Career Portal\Backend\CareerPT\src\test\resources
2025-12-25 09:49:58,776 [Worker-64: Building] INFO  o.a.m.s.f.DefaultMavenResourcesFiltering - Copying 1 resource from src\main\resources to target\classes
2025-12-25 09:49:58,964 [Worker-64: Building] INFO  o.a.m.s.f.DefaultMavenResourcesFiltering - Copying 1 resource from src\main\resources to target\classes
2025-12-25 09:49:58,971 [Worker-64: Building] INFO  o.a.m.s.f.DefaultMavenResourcesFiltering - skip non existing resourceDirectory D:\Career Portal\Backend\CareerPT\src\test\resources
2025-12-25 09:50:02,774 [Worker-65: Building] INFO  o.a.m.s.f.DefaultMavenResourcesFiltering - Copying 1 resource from src\main\resources to target\classes
2025-12-25 09:50:02,796 [Worker-65: Building] INFO  o.a.m.s.f.DefaultMavenResourcesFiltering - Copying 1 resource from src\main\resources to target\classes
2025-12-25 09:50:02,804 [Worker-65: Building] INFO  o.a.m.s.f.DefaultMavenResourcesFiltering - skip non existing resourceDirectory D:\Career Portal\Backend\CareerPT\src\test\resources
2025-12-25 10:06:24,998 [Worker-71: Building] INFO  o.a.m.s.f.DefaultMavenResourcesFiltering - Copying 1 resource from src\main\resources to target\classes
2025-12-25 10:06:25,099 [Worker-71: Building] INFO  o.a.m.s.f.DefaultMavenResourcesFiltering - Copying 1 resource from src\main\resources to target\classes
2025-12-25 10:06:25,106 [Worker-71: Building] INFO  o.a.m.s.f.DefaultMavenResourcesFiltering - skip non existing resourceDirectory D:\Career Portal\Backend\CareerPT\src\test\resources
2025-12-25 10:06:34,562 [Stop Help Server] INFO  org.eclipse.jetty.server.Server - Stopped oejs.Server@6b94ed13{STOPPING}[12.0.12,sto=0]
2025-12-25 10:06:34,570 [Stop Help Server] INFO  o.e.jetty.server.AbstractConnector - Stopped ServerConnector@437affed{HTTP/1.1, (http/1.1)}{127.0.0.1:0}
2025-12-25 12:22:53,412 [Worker-1: Loading available Gradle versions] INFO  o.e.b.c.i.u.g.PublishedGradleVersions - Gradle version information cache is out-of-date. Trying to update.
2025-12-25 12:34:46,450 [Worker-10: Building] INFO  o.a.m.s.f.DefaultMavenResourcesFiltering - Copying 1 resource from src\main\resources to target\classes
2025-12-25 12:34:46,492 [Worker-10: Building] INFO  o.a.m.s.f.DefaultMavenResourcesFiltering - Copying 1 resource from src\main\resources to target\classes
2025-12-25 12:34:46,500 [Worker-10: Building] INFO  o.a.m.s.f.DefaultMavenResourcesFiltering - skip non existing resourceDirectory D:\Career Portal\Backend\CareerPT\src\test\resources
2025-12-25 14:12:49,946 [Worker-15: Building] INFO  o.a.m.s.f.DefaultMavenResourcesFiltering - Copying 1 resource from src\main\resources to target\classes
2025-12-25 14:12:50,021 [Worker-15: Building] INFO  o.a.m.s.f.DefaultMavenResourcesFiltering - Copying 1 resource from src\main\resources to target\classes
2025-12-25 14:12:50,030 [Worker-15: Building] INFO  o.a.m.s.f.DefaultMavenResourcesFiltering - skip non existing resourceDirectory D:\Career Portal\Backend\CareerPT\src\test\resources
2025-12-25 18:30:20,129 [Worker-6: Loading available Gradle versions] INFO  o.e.b.c.i.u.g.PublishedGradleVersions - Gradle version information cache is up-to-date. Trying to read.
2025-12-25 18:56:31,623 [Worker-3: Building] INFO  o.a.m.s.f.DefaultMavenResourcesFiltering - Copying 1 resource from src\main\resources to target\classes
2025-12-25 18:56:31,643 [Worker-3: Building] INFO  o.a.m.s.f.DefaultMavenResourcesFiltering - Copying 1 resource from src\main\resources to target\classes
2025-12-25 18:56:31,650 [Worker-3: Building] INFO  o.a.m.s.f.DefaultMavenResourcesFiltering - skip non existing resourceDirectory D:\Career Portal\Backend\CareerPT\src\test\resources
2025-12-25 19:08:17,065 [Worker-21: Building] INFO  o.a.m.s.f.DefaultMavenResourcesFiltering - Copying 1 resource from src\main\resources to target\classes
2025-12-25 19:08:17,072 [Worker-21: Building] INFO  o.a.m.s.f.DefaultMavenResourcesFiltering - Copying 1 resource from src\main\resources to target\classes
2025-12-25 19:08:17,078 [Worker-21: Building] INFO  o.a.m.s.f.DefaultMavenResourcesFiltering - skip non existing resourceDirectory D:\Career Portal\Backend\CareerPT\src\test\resources
2025-12-25 19:15:47,680 [Worker-23: Building] INFO  o.a.m.s.f.DefaultMavenResourcesFiltering - Copying 1 resource from src\main\resources to target\classes
2025-12-25 19:15:47,686 [Worker-23: Building] INFO  o.a.m.s.f.DefaultMavenResourcesFiltering - Copying 1 resource from src\main\resources to target\classes
2025-12-25 19:15:47,690 [Worker-23: Building] INFO  o.a.m.s.f.DefaultMavenResourcesFiltering - skip non existing resourceDirectory D:\Career Portal\Backend\CareerPT\src\test\resources
2025-12-25 19:21:31,317 [Worker-20: Building] INFO  o.a.m.s.f.DefaultMavenResourcesFiltering - Copying 1 resource from src\main\resources to target\classes
2025-12-25 19:21:31,322 [Worker-20: Building] INFO  o.a.m.s.f.DefaultMavenResourcesFiltering - Copying 1 resource from src\main\resources to target\classes
2025-12-25 19:21:31,327 [Worker-20: Building] INFO  o.a.m.s.f.DefaultMavenResourcesFiltering - skip non existing resourceDirectory D:\Career Portal\Backend\CareerPT\src\test\resources
2025-12-25 19:22:34,372 [Start Help Server] INFO  org.eclipse.jetty.server.Server - jetty-12.0.12; built: 2024-07-25T21:58:37.668Z; git: cc6f1b74db755fed228b50701ad967aeaa68e83f; jvm 21.0.4+7-LTS
2025-12-25 19:22:34,424 [Start Help Server] INFO  o.e.j.server.handler.ContextHandler - Started oeje8n.ContextHandler$CoreContextHandler@134d6ce2{/help,/help,b=null,a=AVAILABLE,h=oeje8n.ContextHandler$CoreContextHandler$CoreToNestedHandler@3b7c4386{STARTED}}
2025-12-25 19:22:34,425 [Start Help Server] INFO  o.e.j.s.DefaultSessionIdManager - Session workerName=node0
2025-12-25 19:22:34,464 [Start Help Server] INFO  o.e.jetty.server.AbstractConnector - Started ServerConnector@202dc59e{HTTP/1.1, (http/1.1)}{127.0.0.1:52090}
2025-12-25 19:22:34,494 [Start Help Server] INFO  org.eclipse.jetty.server.Server - Started oejs.Server@7feaa1f9{STARTING}[12.0.12,sto=0] @3201706ms
2025-12-25 19:32:10,619 [Worker-20: Building] INFO  o.a.m.s.f.DefaultMavenResourcesFiltering - Copying 1 resource from src\main\resources to target\classes
2025-12-25 19:32:10,647 [Worker-20: Building] INFO  o.a.m.s.f.DefaultMavenResourcesFiltering - Copying 1 resource from src\main\resources to target\classes
2025-12-25 19:32:10,654 [Worker-20: Building] INFO  o.a.m.s.f.DefaultMavenResourcesFiltering - skip non existing resourceDirectory D:\Career Portal\Backend\CareerPT\src\test\resources
2025-12-25 19:32:33,918 [Worker-29: Building] INFO  o.a.m.s.f.DefaultMavenResourcesFiltering - Copying 1 resource from src\main\resources to target\classes
2025-12-25 19:32:33,928 [Worker-29: Building] INFO  o.a.m.s.f.DefaultMavenResourcesFiltering - Copying 1 resource from src\main\resources to target\classes
2025-12-25 19:32:33,935 [Worker-29: Building] INFO  o.a.m.s.f.DefaultMavenResourcesFiltering - skip non existing resourceDirectory D:\Career Portal\Backend\CareerPT\src\test\resources
2025-12-25 19:33:11,179 [Worker-20: Building] INFO  o.a.m.s.f.DefaultMavenResourcesFiltering - Copying 1 resource from src\main\resources to target\classes
2025-12-25 19:33:11,219 [Worker-20: Building] INFO  o.a.m.s.f.DefaultMavenResourcesFiltering - Copying 1 resource from src\main\resources to target\classes
2025-12-25 19:33:11,229 [Worker-20: Building] INFO  o.a.m.s.f.DefaultMavenResourcesFiltering - skip non existing resourceDirectory D:\Career Portal\Backend\CareerPT\src\test\resources
2025-12-25 19:33:24,654 [Worker-27: Building] INFO  o.a.m.s.f.DefaultMavenResourcesFiltering - Copying 1 resource from src\main\resources to target\classes
2025-12-25 19:33:24,664 [Worker-27: Building] INFO  o.a.m.s.f.DefaultMavenResourcesFiltering - Copying 1 resource from src\main\resources to target\classes
2025-12-25 19:33:24,673 [Worker-27: Building] INFO  o.a.m.s.f.DefaultMavenResourcesFiltering - skip non existing resourceDirectory D:\Career Portal\Backend\CareerPT\src\test\resources
2025-12-25 19:35:39,475 [Worker-28: Building] INFO  o.a.m.s.f.DefaultMavenResourcesFiltering - Copying 1 resource from src\main\resources to target\classes
2025-12-25 19:35:39,485 [Worker-28: Building] INFO  o.a.m.s.f.DefaultMavenResourcesFiltering - Copying 1 resource from src\main\resources to target\classes
2025-12-25 19:35:39,493 [Worker-28: Building] INFO  o.a.m.s.f.DefaultMavenResourcesFiltering - skip non existing resourceDirectory D:\Career Portal\Backend\CareerPT\src\test\resources
2025-12-25 19:36:47,021 [Worker-31: Building] INFO  o.a.m.s.f.DefaultMavenResourcesFiltering - Copying 1 resource from src\main\resources to target\classes
2025-12-25 19:36:47,030 [Worker-31: Building] INFO  o.a.m.s.f.DefaultMavenResourcesFiltering - Copying 1 resource from src\main\resources to target\classes
2025-12-25 19:36:47,037 [Worker-31: Building] INFO  o.a.m.s.f.DefaultMavenResourcesFiltering - skip non existing resourceDirectory D:\Career Portal\Backend\CareerPT\src\test\resources
2025-12-25 19:47:26,456 [Worker-38: Building] INFO  o.a.m.s.f.DefaultMavenResourcesFiltering - Copying 1 resource from src\main\resources to target\classes
2025-12-25 19:47:26,467 [Worker-38: Building] INFO  o.a.m.s.f.DefaultMavenResourcesFiltering - Copying 1 resource from src\main\resources to target\classes
2025-12-25 19:47:26,474 [Worker-38: Building] INFO  o.a.m.s.f.DefaultMavenResourcesFiltering - skip non existing resourceDirectory D:\Career Portal\Backend\CareerPT\src\test\resources
2025-12-25 19:59:24,935 [Worker-42: Building] INFO  o.a.m.s.f.DefaultMavenResourcesFiltering - Copying 1 resource from src\main\resources to target\classes
2025-12-25 19:59:24,945 [Worker-42: Building] INFO  o.a.m.s.f.DefaultMavenResourcesFiltering - Copying 1 resource from src\main\resources to target\classes
2025-12-25 19:59:24,951 [Worker-42: Building] INFO  o.a.m.s.f.DefaultMavenResourcesFiltering - skip non existing resourceDirectory D:\Career Portal\Backend\CareerPT\src\test\resources
2025-12-25 20:03:15,258 [Worker-46: Building] INFO  o.a.m.s.f.DefaultMavenResourcesFiltering - Copying 1 resource from src\main\resources to target\classes
2025-12-25 20:03:15,274 [Worker-46: Building] INFO  o.a.m.s.f.DefaultMavenResourcesFiltering - Copying 1 resource from src\main\resources to target\classes
2025-12-25 20:03:15,281 [Worker-46: Building] INFO  o.a.m.s.f.DefaultMavenResourcesFiltering - skip non existing resourceDirectory D:\Career Portal\Backend\CareerPT\src\test\resources
2025-12-25 20:05:01,744 [Worker-45: Building] INFO  o.a.m.s.f.DefaultMavenResourcesFiltering - Copying 1 resource from src\main\resources to target\classes
2025-12-25 20:05:01,756 [Worker-45: Building] INFO  o.a.m.s.f.DefaultMavenResourcesFiltering - Copying 1 resource from src\main\resources to target\classes
2025-12-25 20:05:01,781 [Worker-45: Building] INFO  o.a.m.s.f.DefaultMavenResourcesFiltering - skip non existing resourceDirectory D:\Career Portal\Backend\CareerPT\src\test\resources
2025-12-25 20:05:04,490 [Worker-49: Building] INFO  o.a.m.s.f.DefaultMavenResourcesFiltering - Copying 1 resource from src\main\resources to target\classes
2025-12-25 20:05:04,498 [Worker-49: Building] INFO  o.a.m.s.f.DefaultMavenResourcesFiltering - Copying 1 resource from src\main\resources to target\classes
2025-12-25 20:05:04,506 [Worker-49: Building] INFO  o.a.m.s.f.DefaultMavenResourcesFiltering - skip non existing resourceDirectory D:\Career Portal\Backend\CareerPT\src\test\resources
2025-12-25 20:23:20,986 [Worker-54: Building] INFO  o.a.m.s.f.DefaultMavenResourcesFiltering - Copying 1 resource from src\main\resources to target\classes
2025-12-25 20:23:21,040 [Worker-54: Building] INFO  o.a.m.s.f.DefaultMavenResourcesFiltering - Copying 1 resource from src\main\resources to target\classes
2025-12-25 20:23:21,045 [Worker-54: Building] INFO  o.a.m.s.f.DefaultMavenResourcesFiltering - skip non existing resourceDirectory D:\Career Portal\Backend\CareerPT\src\test\resources
2025-12-25 20:24:15,520 [Worker-59: Building] INFO  o.a.m.s.f.DefaultMavenResourcesFiltering - Copying 1 resource from src\main\resources to target\classes
2025-12-25 20:24:15,590 [Worker-59: Building] INFO  o.a.m.s.f.DefaultMavenResourcesFiltering - Copying 1 resource from src\main\resources to target\classes
2025-12-25 20:24:15,595 [Worker-59: Building] INFO  o.a.m.s.f.DefaultMavenResourcesFiltering - skip non existing resourceDirectory D:\Career Portal\Backend\CareerPT\src\test\resources
2025-12-25 20:29:06,171 [Worker-61: Building] INFO  o.a.m.s.f.DefaultMavenResourcesFiltering - Copying 1 resource from src\main\resources to target\classes
2025-12-25 20:29:06,191 [Worker-61: Building] INFO  o.a.m.s.f.DefaultMavenResourcesFiltering - Copying 1 resource from src\main\resources to target\classes
2025-12-25 20:29:06,199 [Worker-61: Building] INFO  o.a.m.s.f.DefaultMavenResourcesFiltering - skip non existing resourceDirectory D:\Career Portal\Backend\CareerPT\src\test\resources
2025-12-25 20:33:21,555 [Worker-64: Building] INFO  o.a.m.s.f.DefaultMavenResourcesFiltering - Copying 1 resource from src\main\resources to target\classes
2025-12-25 20:33:21,574 [Worker-64: Building] INFO  o.a.m.s.f.DefaultMavenResourcesFiltering - Copying 1 resource from src\main\resources to target\classes
2025-12-25 20:33:21,579 [Worker-64: Building] INFO  o.a.m.s.f.DefaultMavenResourcesFiltering - skip non existing resourceDirectory D:\Career Portal\Backend\CareerPT\src\test\resources
2025-12-25 20:35:17,114 [Worker-69: Building] INFO  o.a.m.s.f.DefaultMavenResourcesFiltering - Copying 1 resource from src\main\resources to target\classes
2025-12-25 20:35:17,124 [Worker-69: Building] INFO  o.a.m.s.f.DefaultMavenResourcesFiltering - Copying 1 resource from src\main\resources to target\classes
2025-12-25 20:35:17,132 [Worker-69: Building] INFO  o.a.m.s.f.DefaultMavenResourcesFiltering - skip non existing resourceDirectory D:\Career Portal\Backend\CareerPT\src\test\resources
2025-12-25 20:36:18,731 [Worker-70: Building] INFO  o.a.m.s.f.DefaultMavenResourcesFiltering - Copying 1 resource from src\main\resources to target\classes
2025-12-25 20:36:18,752 [Worker-70: Building] INFO  o.a.m.s.f.DefaultMavenResourcesFiltering - Copying 1 resource from src\main\resources to target\classes
2025-12-25 20:36:18,761 [Worker-70: Building] INFO  o.a.m.s.f.DefaultMavenResourcesFiltering - skip non existing resourceDirectory D:\Career Portal\Backend\CareerPT\src\test\resources
2025-12-25 20:37:54,419 [Worker-69: Building] INFO  o.a.m.s.f.DefaultMavenResourcesFiltering - Copying 1 resource from src\main\resources to target\classes
2025-12-25 20:37:54,427 [Worker-69: Building] INFO  o.a.m.s.f.DefaultMavenResourcesFiltering - Copying 1 resource from src\main\resources to target\classes
2025-12-25 20:37:54,434 [Worker-69: Building] INFO  o.a.m.s.f.DefaultMavenResourcesFiltering - skip non existing resourceDirectory D:\Career Portal\Backend\CareerPT\src\test\resources
2025-12-25 20:40:28,466 [Worker-76: Building] INFO  o.a.m.s.f.DefaultMavenResourcesFiltering - Copying 1 resource from src\main\resources to target\classes
2025-12-25 20:40:28,483 [Worker-76: Building] INFO  o.a.m.s.f.DefaultMavenResourcesFiltering - Copying 1 resource from src\main\resources to target\classes
2025-12-25 20:40:28,490 [Worker-76: Building] INFO  o.a.m.s.f.DefaultMavenResourcesFiltering - skip non existing resourceDirectory D:\Career Portal\Backend\CareerPT\src\test\resources
2025-12-25 20:42:20,806 [Stop Help Server] INFO  org.eclipse.jetty.server.Server - Stopped oejs.Server@7feaa1f9{STOPPING}[12.0.12,sto=0]
2025-12-25 20:42:20,841 [Stop Help Server] INFO  o.e.jetty.server.AbstractConnector - Stopped ServerConnector@202dc59e{HTTP/1.1, (http/1.1)}{127.0.0.1:0}
2025-12-26 11:15:13,482 [Worker-4: Loading available Gradle versions] INFO  o.e.b.c.i.u.g.PublishedGradleVersions - Gradle version information cache is up-to-date. Trying to read.
2025-12-26 11:36:53,549 [Worker-18: Building] INFO  o.a.m.s.f.DefaultMavenResourcesFiltering - Copying 1 resource from src\main\resources to target\classes
2025-12-26 11:36:53,589 [Worker-18: Building] INFO  o.a.m.s.f.DefaultMavenResourcesFiltering - Copying 1 resource from src\main\resources to target\classes
2025-12-26 11:36:53,597 [Worker-18: Building] INFO  o.a.m.s.f.DefaultMavenResourcesFiltering - skip non existing resourceDirectory D:\Career Portal\Backend\CareerPT\src\test\resources
2025-12-26 11:46:23,084 [Worker-21: Building] INFO  o.a.m.s.f.DefaultMavenResourcesFiltering - Copying 1 resource from src\main\resources to target\classes
2025-12-26 11:46:23,098 [Worker-21: Building] INFO  o.a.m.s.f.DefaultMavenResourcesFiltering - Copying 1 resource from src\main\resources to target\classes
2025-12-26 11:46:23,137 [Worker-21: Building] INFO  o.a.m.s.f.DefaultMavenResourcesFiltering - skip non existing resourceDirectory D:\Career Portal\Backend\CareerPT\src\test\resources
2025-12-26 11:46:36,940 [Worker-24: Building] INFO  o.a.m.s.f.DefaultMavenResourcesFiltering - Copying 1 resource from src\main\resources to target\classes
2025-12-26 11:46:36,949 [Worker-24: Building] INFO  o.a.m.s.f.DefaultMavenResourcesFiltering - Copying 1 resource from src\main\resources to target\classes
2025-12-26 11:46:36,954 [Worker-24: Building] INFO  o.a.m.s.f.DefaultMavenResourcesFiltering - skip non existing resourceDirectory D:\Career Portal\Backend\CareerPT\src\test\resources
2025-12-26 11:46:53,560 [Worker-24: Building] INFO  o.a.m.s.f.DefaultMavenResourcesFiltering - Copying 1 resource from src\main\resources to target\classes
2025-12-26 11:46:53,567 [Worker-24: Building] INFO  o.a.m.s.f.DefaultMavenResourcesFiltering - Copying 1 resource from src\main\resources to target\classes
2025-12-26 11:46:53,572 [Worker-24: Building] INFO  o.a.m.s.f.DefaultMavenResourcesFiltering - skip non existing resourceDirectory D:\Career Portal\Backend\CareerPT\src\test\resources
2025-12-26 11:50:35,484 [Worker-28: Building] INFO  o.a.m.s.f.DefaultMavenResourcesFiltering - Copying 1 resource from src\main\resources to target\classes
2025-12-26 11:50:35,493 [Worker-28: Building] INFO  o.a.m.s.f.DefaultMavenResourcesFiltering - Copying 1 resource from src\main\resources to target\classes
2025-12-26 11:50:35,522 [Worker-28: Building] INFO  o.a.m.s.f.DefaultMavenResourcesFiltering - skip non existing resourceDirectory D:\Career Portal\Backend\CareerPT\src\test\resources
2025-12-26 11:57:10,132 [Worker-31: Building] INFO  o.a.m.s.f.DefaultMavenResourcesFiltering - Copying 1 resource from src\main\resources to target\classes
2025-12-26 11:57:10,146 [Worker-31: Building] INFO  o.a.m.s.f.DefaultMavenResourcesFiltering - Copying 1 resource from src\main\resources to target\classes
2025-12-26 11:57:10,153 [Worker-31: Building] INFO  o.a.m.s.f.DefaultMavenResourcesFiltering - skip non existing resourceDirectory D:\Career Portal\Backend\CareerPT\src\test\resources
2025-12-26 12:01:25,542 [Worker-33: Building] INFO  o.a.m.s.f.DefaultMavenResourcesFiltering - Copying 1 resource from src\main\resources to target\classes
2025-12-26 12:01:25,552 [Worker-33: Building] INFO  o.a.m.s.f.DefaultMavenResourcesFiltering - Copying 1 resource from src\main\resources to target\classes
2025-12-26 12:01:25,560 [Worker-33: Building] INFO  o.a.m.s.f.DefaultMavenResourcesFiltering - skip non existing resourceDirectory D:\Career Portal\Backend\CareerPT\src\test\resources
2025-12-26 12:43:02,071 [Worker-47: Building] INFO  o.a.m.s.f.DefaultMavenResourcesFiltering - Copying 1 resource from src\main\resources to target\classes
2025-12-26 12:43:02,138 [Worker-47: Building] INFO  o.a.m.s.f.DefaultMavenResourcesFiltering - Copying 1 resource from src\main\resources to target\classes
2025-12-26 12:43:02,144 [Worker-47: Building] INFO  o.a.m.s.f.DefaultMavenResourcesFiltering - skip non existing resourceDirectory D:\Career Portal\Backend\CareerPT\src\test\resources
2025-12-26 23:15:15,686 [Worker-6: Loading available Gradle versions] INFO  o.e.b.c.i.u.g.PublishedGradleVersions - Gradle version information cache is out-of-date. Trying to update.
2025-12-26 23:27:51,356 [Start Help Server] INFO  org.eclipse.jetty.server.Server - jetty-12.0.12; built: 2024-07-25T21:58:37.668Z; git: cc6f1b74db755fed228b50701ad967aeaa68e83f; jvm 21.0.4+7-LTS
2025-12-26 23:27:51,459 [Start Help Server] INFO  o.e.j.server.handler.ContextHandler - Started oeje8n.ContextHandler$CoreContextHandler@56d4f3a3{/help,/help,b=null,a=AVAILABLE,h=oeje8n.ContextHandler$CoreContextHandler$CoreToNestedHandler@20c95939{STARTED}}
2025-12-26 23:27:51,461 [Start Help Server] INFO  o.e.j.s.DefaultSessionIdManager - Session workerName=node0
2025-12-26 23:27:51,511 [Start Help Server] INFO  o.e.jetty.server.AbstractConnector - Started ServerConnector@5aa5514a{HTTP/1.1, (http/1.1)}{127.0.0.1:65196}
2025-12-26 23:27:51,540 [Start Help Server] INFO  org.eclipse.jetty.server.Server - Started oejs.Server@1a7e684c{STARTING}[12.0.12,sto=0] @824088ms
2025-12-26 23:28:16,756 [Worker-20: Building] INFO  o.a.m.s.f.DefaultMavenResourcesFiltering - Copying 1 resource from src\main\resources to target\classes
2025-12-26 23:28:16,777 [Worker-20: Building] INFO  o.a.m.s.f.DefaultMavenResourcesFiltering - Copying 1 resource from src\main\resources to target\classes
2025-12-26 23:28:16,785 [Worker-20: Building] INFO  o.a.m.s.f.DefaultMavenResourcesFiltering - skip non existing resourceDirectory D:\Career Portal\Backend\CareerPT\src\test\resources
2025-12-26 23:28:19,636 [Worker-17: Building] INFO  o.a.m.s.f.DefaultMavenResourcesFiltering - Copying 1 resource from src\main\resources to target\classes
2025-12-26 23:28:19,643 [Worker-17: Building] INFO  o.a.m.s.f.DefaultMavenResourcesFiltering - Copying 1 resource from src\main\resources to target\classes
2025-12-26 23:28:19,651 [Worker-17: Building] INFO  o.a.m.s.f.DefaultMavenResourcesFiltering - skip non existing resourceDirectory D:\Career Portal\Backend\CareerPT\src\test\resources
2025-12-27 00:14:37,053 [Stop Help Server] INFO  org.eclipse.jetty.server.Server - Stopped oejs.Server@1a7e684c{STOPPING}[12.0.12,sto=0]
2025-12-27 00:14:37,061 [Stop Help Server] INFO  o.e.jetty.server.AbstractConnector - Stopped ServerConnector@5aa5514a{HTTP/1.1, (http/1.1)}{127.0.0.1:0}
2025-12-27 07:41:26,170 [Worker-4: Loading available Gradle versions] INFO  o.e.b.c.i.u.g.PublishedGradleVersions - Gradle version information cache is up-to-date. Trying to read.
2025-12-27 18:57:13,460 [Worker-4: Loading available Gradle versions] INFO  o.e.b.c.i.u.g.PublishedGradleVersions - Gradle version information cache is up-to-date. Trying to read.
2025-12-27 20:08:02,581 [Worker-17: Building] INFO  o.a.m.s.f.DefaultMavenResourcesFiltering - Copying 1 resource from src\main\resources to target\classes
2025-12-27 20:08:02,614 [Worker-17: Building] INFO  o.a.m.s.f.DefaultMavenResourcesFiltering - Copying 1 resource from src\main\resources to target\classes
2025-12-27 20:08:02,621 [Worker-17: Building] INFO  o.a.m.s.f.DefaultMavenResourcesFiltering - Copying 0 resource from src\test\resources to target\test-classes
2025-12-27 20:08:05,036 [Worker-21: Building] INFO  o.a.m.s.f.DefaultMavenResourcesFiltering - Copying 1 resource from src\main\resources to target\classes
2025-12-27 20:08:05,068 [Worker-21: Building] INFO  o.a.m.s.f.DefaultMavenResourcesFiltering - Copying 1 resource from src\main\resources to target\classes
2025-12-27 20:08:05,073 [Worker-21: Building] INFO  o.a.m.s.f.DefaultMavenResourcesFiltering - skip non existing resourceDirectory D:\Career Portal\Backend\CareerPT\src\test\resources
2025-12-27 20:11:45,853 [Worker-27: Building] INFO  o.a.m.s.f.DefaultMavenResourcesFiltering - Copying 1 resource from src\main\resources to target\classes
2025-12-27 20:11:45,857 [Worker-27: Building] INFO  o.a.m.s.f.DefaultMavenResourcesFiltering - Copying 1 resource from src\main\resources to target\classes
2025-12-27 20:11:45,860 [Worker-27: Building] INFO  o.a.m.s.f.DefaultMavenResourcesFiltering - skip non existing resourceDirectory D:\Career Portal\Backend\CareerPT\src\test\resources
2025-12-27 20:13:31,424 [Worker-27: Building] INFO  o.a.m.s.f.DefaultMavenResourcesFiltering - Copying 1 resource from src\main\resources to target\classes
2025-12-27 20:13:31,430 [Worker-27: Building] INFO  o.a.m.s.f.DefaultMavenResourcesFiltering - Copying 1 resource from src\main\resources to target\classes
2025-12-27 20:13:31,434 [Worker-27: Building] INFO  o.a.m.s.f.DefaultMavenResourcesFiltering - skip non existing resourceDirectory D:\Career Portal\Backend\CareerPT\src\test\resources
2025-12-27 20:17:32,359 [Worker-26: Building] INFO  o.a.m.s.f.DefaultMavenResourcesFiltering - Copying 1 resource from src\main\resources to target\classes
2025-12-27 20:17:32,364 [Worker-26: Building] INFO  o.a.m.s.f.DefaultMavenResourcesFiltering - Copying 1 resource from src\main\resources to target\classes
2025-12-27 20:17:32,366 [Worker-26: Building] INFO  o.a.m.s.f.DefaultMavenResourcesFiltering - skip non existing resourceDirectory D:\Career Portal\Backend\CareerPT\src\test\resources
2025-12-27 20:20:49,824 [Worker-29: Building] INFO  o.a.m.s.f.DefaultMavenResourcesFiltering - Copying 1 resource from src\main\resources to target\classes
2025-12-27 20:20:49,838 [Worker-29: Building] INFO  o.a.m.s.f.DefaultMavenResourcesFiltering - Copying 1 resource from src\main\resources to target\classes
2025-12-27 20:20:49,844 [Worker-29: Building] INFO  o.a.m.s.f.DefaultMavenResourcesFiltering - skip non existing resourceDirectory D:\Career Portal\Backend\CareerPT\src\test\resources
2025-12-27 20:20:55,349 [Worker-31: Building] INFO  o.a.m.s.f.DefaultMavenResourcesFiltering - Copying 1 resource from src\main\resources to target\classes
2025-12-27 20:20:55,365 [Worker-31: Building] INFO  o.a.m.s.f.DefaultMavenResourcesFiltering - Copying 1 resource from src\main\resources to target\classes
2025-12-27 20:20:55,430 [Worker-31: Building] INFO  o.a.m.s.f.DefaultMavenResourcesFiltering - skip non existing resourceDirectory D:\Career Portal\Backend\CareerPT\src\test\resources
2025-12-28 07:58:45,111 [Worker-4: Loading available Gradle versions] INFO  o.e.b.c.i.u.g.PublishedGradleVersions - Gradle version information cache is out-of-date. Trying to update.
2025-12-28 08:01:05,409 [Worker-0: Building] INFO  o.a.m.s.f.DefaultMavenResourcesFiltering - Copying 1 resource from src\main\resources to target\classes
2025-12-28 08:01:05,439 [Worker-0: Building] INFO  o.a.m.s.f.DefaultMavenResourcesFiltering - Copying 1 resource from src\main\resources to target\classes
2025-12-28 08:01:05,449 [Worker-0: Building] INFO  o.a.m.s.f.DefaultMavenResourcesFiltering - skip non existing resourceDirectory D:\Career Portal\Backend\CareerPT\src\test\resources
2025-12-28 08:01:28,883 [Worker-10: Building] INFO  o.a.m.s.f.DefaultMavenResourcesFiltering - Copying 1 resource from src\main\resources to target\classes
2025-12-28 08:01:28,888 [Worker-10: Building] INFO  o.a.m.s.f.DefaultMavenResourcesFiltering - Copying 1 resource from src\main\resources to target\classes
2025-12-28 08:01:28,893 [Worker-10: Building] INFO  o.a.m.s.f.DefaultMavenResourcesFiltering - skip non existing resourceDirectory D:\Career Portal\Backend\CareerPT\src\test\resources
2025-12-28 08:03:43,357 [Worker-8: Building] INFO  o.a.m.s.f.DefaultMavenResourcesFiltering - Copying 1 resource from src\main\resources to target\classes
2025-12-28 08:03:43,377 [Worker-8: Building] INFO  o.a.m.s.f.DefaultMavenResourcesFiltering - Copying 1 resource from src\main\resources to target\classes
2025-12-28 08:03:43,383 [Worker-8: Building] INFO  o.a.m.s.f.DefaultMavenResourcesFiltering - skip non existing resourceDirectory D:\Career Portal\Backend\CareerPT\src\test\resources
2025-12-28 08:10:28,651 [Worker-3: Building] INFO  o.a.m.s.f.DefaultMavenResourcesFiltering - Copying 1 resource from src\main\resources to target\classes
2025-12-28 08:10:28,702 [Worker-3: Building] INFO  o.a.m.s.f.DefaultMavenResourcesFiltering - Copying 1 resource from src\main\resources to target\classes
2025-12-28 08:10:28,709 [Worker-3: Building] INFO  o.a.m.s.f.DefaultMavenResourcesFiltering - skip non existing resourceDirectory D:\Career Portal\Backend\CareerPT\src\test\resources
2025-12-28 08:20:48,402 [Worker-18: Building] INFO  o.a.m.s.f.DefaultMavenResourcesFiltering - Copying 1 resource from src\main\resources to target\classes
2025-12-28 08:20:48,420 [Worker-18: Building] INFO  o.a.m.s.f.DefaultMavenResourcesFiltering - Copying 1 resource from src\main\resources to target\classes
2025-12-28 08:20:48,426 [Worker-18: Building] INFO  o.a.m.s.f.DefaultMavenResourcesFiltering - skip non existing resourceDirectory D:\Career Portal\Backend\CareerPT\src\test\resources
2025-12-28 08:24:42,060 [Worker-23: Building] INFO  o.a.m.s.f.DefaultMavenResourcesFiltering - Copying 1 resource from src\main\resources to target\classes
2025-12-28 08:24:42,091 [Worker-23: Building] INFO  o.a.m.s.f.DefaultMavenResourcesFiltering - Copying 1 resource from src\main\resources to target\classes
2025-12-28 08:24:42,098 [Worker-23: Building] INFO  o.a.m.s.f.DefaultMavenResourcesFiltering - skip non existing resourceDirectory D:\Career Portal\Backend\CareerPT\src\test\resources
2025-12-28 08:29:47,241 [Worker-24: Building] INFO  o.a.m.s.f.DefaultMavenResourcesFiltering - Copying 1 resource from src\main\resources to target\classes
2025-12-28 08:29:47,250 [Worker-24: Building] INFO  o.a.m.s.f.DefaultMavenResourcesFiltering - Copying 1 resource from src\main\resources to target\classes
2025-12-28 08:29:47,257 [Worker-24: Building] INFO  o.a.m.s.f.DefaultMavenResourcesFiltering - skip non existing resourceDirectory D:\Career Portal\Backend\CareerPT\src\test\resources
2025-12-28 08:33:27,274 [Worker-26: Building] INFO  o.a.m.s.f.DefaultMavenResourcesFiltering - Copying 1 resource from src\main\resources to target\classes
2025-12-28 08:33:27,289 [Worker-26: Building] INFO  o.a.m.s.f.DefaultMavenResourcesFiltering - Copying 1 resource from src\main\resources to target\classes
2025-12-28 08:33:27,297 [Worker-26: Building] INFO  o.a.m.s.f.DefaultMavenResourcesFiltering - skip non existing resourceDirectory D:\Career Portal\Backend\CareerPT\src\test\resources
2025-12-28 08:38:35,858 [Start Help Server] INFO  org.eclipse.jetty.server.Server - jetty-12.0.12; built: 2024-07-25T21:58:37.668Z; git: cc6f1b74db755fed228b50701ad967aeaa68e83f; jvm 21.0.4+7-LTS
2025-12-28 08:38:35,941 [Start Help Server] INFO  o.e.j.server.handler.ContextHandler - Started oeje8n.ContextHandler$CoreContextHandler@5234275{/help,/help,b=null,a=AVAILABLE,h=oeje8n.ContextHandler$CoreContextHandler$CoreToNestedHandler@3ffb1e01{STARTED}}
2025-12-28 08:38:35,942 [Start Help Server] INFO  o.e.j.s.DefaultSessionIdManager - Session workerName=node0
2025-12-28 08:38:35,992 [Start Help Server] INFO  o.e.jetty.server.AbstractConnector - Started ServerConnector@938c9b4{HTTP/1.1, (http/1.1)}{127.0.0.1:57157}
2025-12-28 08:38:36,025 [Start Help Server] INFO  org.eclipse.jetty.server.Server - Started oejs.Server@41f348ff{STARTING}[12.0.12,sto=0] @2407046ms
2025-12-28 08:40:21,767 [Worker-26: Building] INFO  o.a.m.s.f.DefaultMavenResourcesFiltering - Copying 1 resource from src\main\resources to target\classes
2025-12-28 08:40:21,779 [Worker-26: Building] INFO  o.a.m.s.f.DefaultMavenResourcesFiltering - Copying 1 resource from src\main\resources to target\classes
2025-12-28 08:40:21,786 [Worker-26: Building] INFO  o.a.m.s.f.DefaultMavenResourcesFiltering - skip non existing resourceDirectory D:\Career Portal\Backend\CareerPT\src\test\resources
2025-12-28 08:42:23,830 [Worker-31: Building] INFO  o.a.m.s.f.DefaultMavenResourcesFiltering - Copying 1 resource from src\main\resources to target\classes
2025-12-28 08:42:23,841 [Worker-31: Building] INFO  o.a.m.s.f.DefaultMavenResourcesFiltering - Copying 1 resource from src\main\resources to target\classes
2025-12-28 08:42:23,848 [Worker-31: Building] INFO  o.a.m.s.f.DefaultMavenResourcesFiltering - skip non existing resourceDirectory D:\Career Portal\Backend\CareerPT\src\test\resources
2025-12-28 08:44:37,622 [Worker-35: Building] INFO  o.a.m.s.f.DefaultMavenResourcesFiltering - Copying 1 resource from src\main\resources to target\classes
2025-12-28 08:44:37,630 [Worker-35: Building] INFO  o.a.m.s.f.DefaultMavenResourcesFiltering - Copying 1 resource from src\main\resources to target\classes
2025-12-28 08:44:37,636 [Worker-35: Building] INFO  o.a.m.s.f.DefaultMavenResourcesFiltering - skip non existing resourceDirectory D:\Career Portal\Backend\CareerPT\src\test\resources
2025-12-28 08:52:19,679 [Worker-42: Building] INFO  o.a.m.s.f.DefaultMavenResourcesFiltering - Copying 1 resource from src\main\resources to target\classes
2025-12-28 08:52:19,688 [Worker-42: Building] INFO  o.a.m.s.f.DefaultMavenResourcesFiltering - Copying 1 resource from src\main\resources to target\classes
2025-12-28 08:52:19,715 [Worker-42: Building] INFO  o.a.m.s.f.DefaultMavenResourcesFiltering - skip non existing resourceDirectory D:\Career Portal\Backend\CareerPT\src\test\resources
2025-12-28 08:54:21,139 [Worker-37: Building] INFO  o.a.m.s.f.DefaultMavenResourcesFiltering - Copying 1 resource from src\main\resources to target\classes
2025-12-28 08:54:21,147 [Worker-37: Building] INFO  o.a.m.s.f.DefaultMavenResourcesFiltering - Copying 1 resource from src\main\resources to target\classes
2025-12-28 08:54:21,154 [Worker-37: Building] INFO  o.a.m.s.f.DefaultMavenResourcesFiltering - skip non existing resourceDirectory D:\Career Portal\Backend\CareerPT\src\test\resources
2025-12-28 09:12:58,036 [Worker-49: Building] INFO  o.a.m.s.f.DefaultMavenResourcesFiltering - Copying 1 resource from src\main\resources to target\classes
2025-12-28 09:12:58,068 [Worker-49: Building] INFO  o.a.m.s.f.DefaultMavenResourcesFiltering - Copying 1 resource from src\main\resources to target\classes
2025-12-28 09:12:58,076 [Worker-49: Building] INFO  o.a.m.s.f.DefaultMavenResourcesFiltering - skip non existing resourceDirectory D:\Career Portal\Backend\CareerPT\src\test\resources
2025-12-28 09:13:55,697 [Worker-48: Building] INFO  o.a.m.s.f.DefaultMavenResourcesFiltering - Copying 1 resource from src\main\resources to target\classes
2025-12-28 09:13:55,726 [Worker-48: Building] INFO  o.a.m.s.f.DefaultMavenResourcesFiltering - Copying 1 resource from src\main\resources to target\classes
2025-12-28 09:13:55,732 [Worker-48: Building] INFO  o.a.m.s.f.DefaultMavenResourcesFiltering - skip non existing resourceDirectory D:\Career Portal\Backend\CareerPT\src\test\resources
2025-12-28 09:32:26,779 [Worker-52: Building] INFO  o.a.m.s.f.DefaultMavenResourcesFiltering - Copying 1 resource from src\main\resources to target\classes
2025-12-28 09:32:26,841 [Worker-52: Building] INFO  o.a.m.s.f.DefaultMavenResourcesFiltering - Copying 1 resource from src\main\resources to target\classes
2025-12-28 09:32:26,850 [Worker-52: Building] INFO  o.a.m.s.f.DefaultMavenResourcesFiltering - skip non existing resourceDirectory D:\Career Portal\Backend\CareerPT\src\test\resources
2025-12-28 10:45:01,163 [Worker-3: Loading available Gradle versions] INFO  o.e.b.c.i.u.g.PublishedGradleVersions - Gradle version information cache is up-to-date. Trying to read.
2025-12-28 10:45:08,594 [Worker-4: Building] INFO  o.a.m.s.f.DefaultMavenResourcesFiltering - Copying 1 resource from src\main\resources to target\classes
2025-12-28 10:45:08,614 [Worker-4: Building] INFO  o.a.m.s.f.DefaultMavenResourcesFiltering - Copying 1 resource from src\main\resources to target\classes
2025-12-28 10:45:08,623 [Worker-4: Building] INFO  o.a.m.s.f.DefaultMavenResourcesFiltering - skip non existing resourceDirectory D:\Career Portal\Backend\CareerPT\src\test\resources
2025-12-28 11:44:23,475 [Worker-19: Building] INFO  o.a.m.s.f.DefaultMavenResourcesFiltering - Copying 1 resource from src\main\resources to target\classes
2025-12-28 11:44:23,518 [Worker-19: Building] INFO  o.a.m.s.f.DefaultMavenResourcesFiltering - Copying 1 resource from src\main\resources to target\classes
2025-12-28 11:44:23,527 [Worker-19: Building] INFO  o.a.m.s.f.DefaultMavenResourcesFiltering - skip non existing resourceDirectory D:\Career Portal\Backend\CareerPT\src\test\resources
2025-12-28 11:51:10,938 [Worker-28: Building] INFO  o.a.m.s.f.DefaultMavenResourcesFiltering - Copying 1 resource from src\main\resources to target\classes
2025-12-28 11:51:10,953 [Worker-28: Building] INFO  o.a.m.s.f.DefaultMavenResourcesFiltering - Copying 1 resource from src\main\resources to target\classes
2025-12-28 11:51:10,958 [Worker-28: Building] INFO  o.a.m.s.f.DefaultMavenResourcesFiltering - skip non existing resourceDirectory D:\Career Portal\Backend\CareerPT\src\test\resources
2025-12-28 11:55:21,898 [Worker-33: Building] INFO  o.a.m.s.f.DefaultMavenResourcesFiltering - Copying 1 resource from src\main\resources to target\classes
2025-12-28 11:55:21,915 [Worker-33: Building] INFO  o.a.m.s.f.DefaultMavenResourcesFiltering - Copying 1 resource from src\main\resources to target\classes
2025-12-28 11:55:21,920 [Worker-33: Building] INFO  o.a.m.s.f.DefaultMavenResourcesFiltering - skip non existing resourceDirectory D:\Career Portal\Backend\CareerPT\src\test\resources
2025-12-28 11:56:51,385 [Worker-32: Building] INFO  o.a.m.s.f.DefaultMavenResourcesFiltering - Copying 1 resource from src\main\resources to target\classes
2025-12-28 11:56:51,393 [Worker-32: Building] INFO  o.a.m.s.f.DefaultMavenResourcesFiltering - Copying 1 resource from src\main\resources to target\classes
2025-12-28 11:56:51,400 [Worker-32: Building] INFO  o.a.m.s.f.DefaultMavenResourcesFiltering - skip non existing resourceDirectory D:\Career Portal\Backend\CareerPT\src\test\resources
2025-12-28 12:00:53,963 [Worker-31: Building] INFO  o.a.m.s.f.DefaultMavenResourcesFiltering - Copying 1 resource from src\main\resources to target\classes
2025-12-28 12:00:53,972 [Worker-31: Building] INFO  o.a.m.s.f.DefaultMavenResourcesFiltering - Copying 1 resource from src\main\resources to target\classes
2025-12-28 12:00:53,976 [Worker-31: Building] INFO  o.a.m.s.f.DefaultMavenResourcesFiltering - skip non existing resourceDirectory D:\Career Portal\Backend\CareerPT\src\test\resources
2025-12-28 18:09:25,000 [Worker-4: Loading available Gradle versions] INFO  o.e.b.c.i.u.g.PublishedGradleVersions - Gradle version information cache is up-to-date. Trying to read.
